w,u70,u85,u90,u85c
0.0,0.0,0.0,0.0,0.0
0.025,0.0,0.0,0.0,0.0
0.05,0.0,0.0,0.0,0.0
0.075,0.0,0.0,0.0,0.0
0.1,0.0,0.0,9.251858538542972e-16,0.0
0.125,0.0,0.0,0.833333333333334,0.0
0.15,0.0,0.0,1.6666666666666672,0.0
0.175,0.0,0.8823529411764695,2.5000000000000004,0.0
0.2,0.0,1.7647058823529407,3.3333333333333344,0.0
0.225,0.0,2.6470588235294112,4.166666666666668,0.0
0.25,0.0,3.5294117647058814,5.000000000000001,0.0
0.275,0.0,4.411764705882353,5.833333333333335,0.8823529411764715
0.3,0.0,5.2941176470588225,6.666666666666666,1.7647058823529407
0.325,1.07142857142857,6.176470588235294,7.500000000000001,2.6470588235294126
0.35,2.14285714285714,7.058823529411763,8.333333333333334,3.5294117647058814
0.375,3.2142857142857126,7.941176470588235,9.166666666666666,4.411764705882353
0.4,4.285714285714285,8.823529411764707,10.000000000000002,5.294117647058825
0.425,5.357142857142855,9.705882352941174,10.833333333333334,6.176470588235294
0.45,6.428571428571428,10.588235294117647,11.666666666666668,7.0588235294117645
0.475,7.499999999999998,11.470588235294116,12.5,7.941176470588235
0.5,8.57142857142857,12.352941176470589,13.333333333333332,8.823529411764707
0.525,9.642857142857142,13.23529411764706,14.166666666666668,9.705882352941178
0.55,10.714285714285715,14.117647058823529,15.000000000000002,10.58823529411765
0.575,11.785714285714281,14.999999999999998,15.833333333333332,11.470588235294116
0.6,12.857142857142856,15.88235294117647,16.666666666666668,12.352941176470589
0.625,13.928571428571427,16.764705882352942,17.5,13.23529411764706
0.65,15.000000000000002,17.647058823529413,18.333333333333332,14.117647058823529
0.675,16.071428571428573,18.529411764705884,19.16666666666667,15.000000000000002
0.7,17.14285714285714,19.411764705882348,20.0,15.88235294117647
0.725,18.21428571428571,20.294117647058822,20.833333333333332,16.764705882352942
0.75,19.285714285714285,21.176470588235293,21.666666666666668,17.647058823529413
0.775,20.357142857142858,22.058823529411764,22.5,18.529411764705884
0.8,21.42857142857143,22.941176470588236,23.333333333333336,19.411764705882355
0.825,22.499999999999996,23.823529411764703,24.166666666666664,20.294117647058822
0.85,23.57142857142857,24.705882352941178,25.0,21.176470588235293
0.875,24.642857142857146,25.58823529411765,25.833333333333332,22.058823529411764
0.9,25.714285714285715,26.47058823529412,26.666666666666664,22.941176470588236
0.925,26.78571428571429,27.35294117647059,27.500000000000004,23.823529411764707
0.95,27.857142857142854,28.235294117647054,28.333333333333332,24.705882352941178
0.975,28.928571428571427,29.11764705882353,29.166666666666664,25.58823529411765
1.0,30.000000000000004,30.0,30.0,26.47058823529412
