r,p_k0,mean_k0,res_k0,p_k2,mean_k2,res_k2,p_k5,mean_k5,res_k5
0.0,28.602,6.611368960750635,0.0,27.057,6.8113689607506345,0.0,26.257,7.111368960750634,0.0
0.0125,28.602,6.611368960750635,0.0,27.057,6.8113689607506345,0.0,26.2385,7.111368960750634,0.0
0.025,28.602,6.611368960750635,0.0,27.057,6.8113689607506345,0.0,26.2225,7.111368960750634,0.0
0.0375,28.602,6.611368960750635,0.0,27.057,6.8113689607506345,0.0,26.205000000000002,7.111368960750634,0.0
0.05,28.602,6.611368960750635,0.0,27.057,6.8113689607506345,0.0,26.186500000000002,7.111368960750634,0.0
0.0625,28.602,6.611368960750635,0.0,27.057,6.8113689607506345,0.0,26.156000000000002,7.111368960750634,0.0
0.075,28.602,6.611368960750635,0.0,27.057,6.8113689607506345,0.0,26.1355,7.111368960750634,0.0
0.0875,28.602,6.611368960750635,0.0,27.056,6.8113689607506345,0.0,26.1055,7.111368960750634,0.0
0.1,28.602,6.61136871314915,2.4760148444297982e-06,27.053500000000003,6.811368713149149,2.4760148444297982e-06,26.0695,7.111368713149149,2.4760148444297982e-06
0.1125,28.602,6.611368001586032,9.591646031140416e-06,27.052500000000002,6.8113680015860325,9.591646031140416e-06,26.037,7.111368001586031,9.591646031140416e-06
0.125,28.602,6.6113665393852035,2.4213654304642483e-05,27.049,6.811366539385204,2.4213654304642483e-05,26.003,7.111366539385204,2.4213654304642483e-05
0.1375,28.6015,6.611363454568801,5.5061818340344206e-05,27.044,6.811363454568801,5.5061818340344206e-05,25.9575,7.111363454568802,5.5061818340344206e-05
0.15,28.601,6.611357164725639,0.0001179602499536961,27.039,6.81135716472564,0.0001179602499536961,25.9025,7.111357164725638,0.0001179602499536961
0.1625,28.599999999999998,6.611344162317547,0.00024798433089297765,27.033,6.811344162317545,0.00024798433089297765,25.843,7.111344162317545,0.00024798433089297765
0.175,28.597499999999997,6.611318748363618,0.0005021238701695761,27.021,6.811318748363618,0.0005021238701695761,25.789,7.111318748363618,0.0005021238701695761
0.1875,28.595,6.6112767015013185,0.0009225924931609062,27.012999999999998,6.811276701501319,0.0009225924931609062,25.728499999999997,7.111276701501319,0.0009225924931609062
0.2,28.5885,6.611209073809164,0.0015988694147016631,26.987499999999997,6.811209073809164,0.0015988694147016631,25.659,7.111209073809166,0.0015988694147016631
0.2125,28.581,6.61110406316882,0.002648975818142702,26.965,6.81110406316882,0.002648975818142702,25.586,7.111104063168819,0.002648975818142702
0.225,28.566000000000003,6.610947677078497,0.004212836721394156,26.932499999999997,6.810947677078495,0.004212836721394156,25.5075,7.110947677078496,0.004212836721394156
0.2375,28.549999999999997,6.610718078538208,0.0065088221242573545,26.8935,6.810718078538208,0.0065088221242573545,25.4095,7.110718078538208,0.0065088221242573545
0.25,28.5225,6.610396799430726,0.009721613199093562,26.840000000000003,6.810396799430726,0.009721613199093562,25.296999999999997,7.110396799430727,0.009721613199093562
0.2625,28.48,6.60995390665632,0.014150540943160794,26.767000000000003,6.809953906656318,0.014150540943160794,25.1575,7.109953906656319,0.014150540943160794
0.275,28.438999999999997,6.609356560638285,0.02012400112348962,26.6965,6.809356560638285,0.02012400112348962,25.019999999999996,7.109356560638286,0.02012400112348962
0.2875,28.374,6.608556910394796,0.028120503558396154,26.6,6.808556910394796,0.028120503558396154,24.8615,7.108556910394796,0.028120503558396154
0.3,28.288000000000004,6.607508664190652,0.03860296559981778,26.473999999999997,6.807508664190652,0.03860296559981778,24.64,7.107508664190652,0.03860296559981778
0.3125,28.183000000000003,6.60615231496102,0.05216645789614856,26.333000000000002,6.806152314961018,0.05216645789614856,24.4035,7.106152314961019,0.05216645789614856
0.325,28.049000000000003,6.604419412343562,0.06949548407073436,26.154,6.804419412343562,0.06949548407073436,24.1285,7.104418242298435,0.06950718452200771
0.3375,27.892,6.602225554292497,0.09143406458136982,25.946,6.802225249146584,0.09143711604050289,23.84,7.102221292434745,0.09147668315889954
0.35,27.7085,6.599468279398914,0.11900681351720736,25.697,6.79946703041517,0.11901930335464853,23.487,7.099455951349637,0.1191300940099757
0.3625,27.476499999999998,6.596022766356609,0.15346194394024948,25.397,6.796020378705749,0.1534858204488596,23.0965,7.095984485892953,0.15384474857680963
0.375,27.212999999999997,6.591736341038847,0.19632619711787697,25.063000000000002,6.791728568458765,0.19640392291868114,22.622500000000002,7.091624334978371,0.19744625772264582
0.3875,26.893,6.586404915689591,0.24964045061045492,24.664,6.786375670094509,0.2499329065612674,22.073999999999998,7.086123721831165,0.2524523891947123
0.4,26.521,6.579751834127304,0.3161712662333147,24.2035,6.779669258292712,0.31699702457922646,21.458,7.079106247397828,0.3226271335280708
0.4125,26.085,6.571443033757054,0.3992592699358084,23.6725,6.771259950259881,0.4010901049075411,20.7655,7.0701122640579985,0.4125669669263748
0.425,25.563000000000002,6.561087540734664,0.5028142001596904,23.049500000000002,6.760690206069069,0.5067875468156674,19.9455,7.058507420113985,0.5286154063664898
0.4375,24.953500000000002,6.548188694371659,0.6318026637897601,22.332,6.747422761186852,0.6394619956378411,19.0545,7.043443761591167,0.6792519915946786
0.45,24.273,6.532163782625861,0.7920517812477382,21.5075,6.730718694707487,0.8065026604314853,18.0515,7.023962316064633,0.8740664468600272
0.4625,23.52,6.5122197792206515,0.99149181529983,20.626,6.709675199435296,1.0169376131534027,17.006,6.998684619861714,1.1268434088892132
0.475,22.689500000000002,6.487457627830212,1.239113329204228,19.6615,6.683204276921148,1.2816468382948718,15.945500000000001,6.966237223246292,1.451317375043415
0.4875,21.769,6.456847803976605,1.5452115677402933,18.6325,6.6500657484540096,1.613032122966263,14.7775,6.925247424560718,1.8612153618991698
0.5,20.8185,6.419303990447825,1.9206497030280913,17.568,6.609122054258831,2.022469064918045,13.5245,6.87433869941056,2.3703026134007392
0.5125,19.7885,6.37390513110924,2.3746382964139507,16.404,6.559183150428419,2.521858103222173,12.291,6.812344601380005,2.9902435937063
0.525,18.7315,6.3194944367059875,2.9187452404464653,15.211500000000001,6.499146527234655,3.1222243351598085,11.105,6.738297518273417,3.7307144247721746
0.5375,17.645,6.25522442552077,3.5614453522986547,14.033499999999998,6.428123515500214,3.832454452504217,9.9535,6.651582691468113,4.597862692825218
0.55,16.5515,6.1805124560582,4.308565046924335,12.883,6.345553955307123,4.6581500544351115,8.852,6.552033331141349,5.593356296092857
0.5625,15.4785,6.094918007861779,5.164509528888569,11.759500000000001,6.251197384530281,5.601715762203536,7.7875,6.43988965457797,6.714793061726665
0.575,14.381,5.998276370274598,6.130925904760358,10.688,6.1450234808562065,6.663454798944277,6.7745,6.315629312475989,7.957396482746448
0.5875,13.367,5.890669281189295,7.206996795613398,9.649000000000001,6.027424697654764,7.839442630958718,5.842499999999999,6.180117472208032,9.312514885426042
0.6,12.4,5.772563040778352,8.388059199722827,8.6545,5.899019243717044,9.1234971703359,5.0345,6.034438310131088,10.769306506195466
0.6125,11.472,5.644566413250044,9.66802547500592,7.767499999999999,5.760690514883509,10.50678445867128,4.277,5.879928353183176,12.314406075674611
0.625,10.6195,5.507360341251999,11.040086194986358,6.93,5.613384107395085,11.97984853355549,3.6415,5.71779361106814,13.935753496824944
0.6375,9.8285,5.3618497786083825,12.495191821422523,6.1845,5.458211894041283,13.531570667093511,3.0985,5.54925534628837,15.621136144622652
0.65,9.115,5.209017315955244,14.02351644795391,5.5329999999999995,5.296252739063247,15.151162216873878,2.664,5.375384107061334,17.359848536893008
0.6625,8.4545,5.049752017535142,15.61616943215493,4.963,5.1285468057282815,16.828221550223535,2.282,5.197067174176374,19.143017865742607
0.675,7.886500000000001,4.884945842437528,17.264231183131066,4.482,4.956000516464672,18.553684442859616,1.9685000000000001,5.015149397217028,20.962195635336066
0.6875,7.3870000000000005,4.715468681533701,18.959002792169333,4.072,4.7793675274944825,20.320014332561513,1.6925,4.830460077044593,22.809088837060408
0.7,6.927999999999999,4.542035580289632,20.693333804610013,3.6900000000000004,4.5994033024722425,22.119656582783914,1.4825,4.643563039121754,24.678059216288798
