name,eta,tau,abar,k,rhat,vmax,lo99,hi99,v45,v50,v55,v65,a45,a65
yield,1.0,0.01,,0.0,0.27,1.0000000001888734,0.0,0.3075,0.8596166362162329,0.8039415299828385,0.7434939161854345,0.6086705477069884,0.12016984740394825,0.16971414238647903
base,1.0,0.01,0.1,0.0,0.335,1.0043797079723618,0.2875,0.38,0.9404780184249598,0.8800370873601678,0.8088626742643079,0.6494332034900199,0.10983776119828817,0.15906177793939583
base_k2,1.0,0.01,0.1,0.02,0.325,1.0409839032174475,0.2925,0.365,0.9548493628939885,0.8865141376580081,0.8114405116702718,0.6496584119148089,0.1081846037859993,0.15900663811237767
base_k5,1.0,0.01,0.1,0.05,0.3225,1.0839205611712048,0.2975,0.3475,0.9623693995593352,0.8895965982743723,0.8125900405749983,0.6497502663848463,0.10733924005407967,0.15898415952139916
abar5,1.0,0.01,0.05,0.0,0.3725,1.0191992531142788,0.32,0.4125,0.9817488171247905,0.9219466141019983,0.8464057693507814,0.6732997148137699,0.10522039670241794,0.15342350178860847
abar20,1.0,0.01,0.2,0.0,0.2975,0.9999275234863086,0.27,0.3425,0.90770063374784,0.8481950792517934,0.7808843973710837,0.6318162409430231,0.11380404084712453,0.16349690512199977
tau05,1.0,0.005,0.1,0.0,0.37,1.0221534503911296,0.325,0.41,0.9795631124922839,0.9172348723839338,0.8413701492949596,0.6706020574424796,0.10545517556002672,0.1540406845662869
tau2,1.0,0.02,0.1,0.0,0.2975,0.9999857487880097,0.2725,0.3525,0.915822178996932,0.8553396524147294,0.7859596106229157,0.6330456557539691,0.11279482236730812,0.1631793837633524
eta05,0.5,0.01,0.1,0.0,0.335,1.002385421971466,0.27,0.395,0.9670709117823186,0.933302598471397,0.8924087135679063,0.7960418239935416,0.11045456778022826,0.16301536819232038
eta2,2.0,0.01,0.1,0.0,0.335,1.0075247542405825,0.295,0.37,0.8996663654866267,0.7983427407720146,0.6833684635350039,0.448249853804796,0.10890794899770014,0.1542908754427744
