v,demand,s_rc,s_r50,s_r60
0.55,18.78181818181818,8.88827120327684,11.652653764389488,14.565817205486859
0.575,17.96521739130435,8.935370169086262,11.746851696008333,14.683564620010415
0.6,17.21666666666667,8.984433620336011,11.84497859850783,14.806223248134787
0.625,16.528000000000002,9.035632593098136,11.94737654403208,14.9342206800401
0.65,15.892307692307691,9.089161480728528,12.054434319292863,15.068042899116078
0.675,15.303703703703704,9.1452424905481,12.16659633893201,15.208245423665012
0.7,14.757142857142858,9.204131216945305,12.284373791726418,15.355467239658019
0.725,14.248275862068967,9.266123684285429,12.408358726406664,15.510448408008331
0.75,13.773333333333333,9.331565350817463,12.539242059470734,15.674052574338415
0.775,13.329032258064515,9.400862767631368,12.677836893098545,15.84729611637318
0.8,12.9125,9.474498891368421,12.825109140572652,16.031386425715812
0.825,12.521212121212121,9.553053517148982,12.982218392133774,16.227772990167214
0.85,12.15294117647059,9.637231034395077,13.150573426625964,16.438216783282453
0.875,11.805714285714284,9.727898899699952,13.33190915723571,16.664886446544635
0.9,11.477777777777778,9.82614221108014,13.52839577999609,16.91049472499511
0.925,11.167567567567566,9.933343214719944,13.742797787275695,17.178497234094618
0.95,10.873684210526315,10.051300799862071,13.978712957559953,17.473391196949937
0.975,10.594871794871796,10.182416843232778,14.240945044301364,17.801181305376705
1.0,10.33,10.33,14.536111357835809,18.17013919729476
1.025,10.078048780487807,10.569897421510529,14.873688863502284,18.592111079377855
1.05,9.838095238095237,10.850072237344278,15.267943686602045,19.08492960825256
1.075,9.609302325581396,11.186832967056885,15.741824758049141,19.677280947561428
1.1,9.39090909090909,11.608973375670557,16.335849926321227,20.41981240790153
1.125,9.182222222222222,12.175045341301875,17.132411894275325,21.415514867844156
1.15,8.982608695652175,13.037289517293296,18.345739809072683,22.93217476134085
1.175,8.791489361702128,14.915335191211248,20.988477568140755,26.23559696017594
