month,pd1,pd2,pd5,pd10,pd20
0,7.376,7.158,4.879,4.029,3.011
1,14.415,13.757,10.191,8.606,6.817
2,20.543,19.961,15.601,13.715,11.065
3,23.488,22.755,17.925,16.251,13.992
4,23.916,23.189,18.293,16.490,13.842
5,23.914,23.433,18.704,16.839,13.991
6,24.319,23.954,19.192,17.150,14.015
7,24.714,24.347,19.371,16.980,13.274
8,25.112,24.593,19.687,17.241,13.979
9,25.347,24.817,19.642,17.508,14.298
10,25.562,25.144,19.696,17.795,14.300
11,25.902,25.336,19.859,17.824,12.392
12,26.118,25.578,20.047,17.918,11.731
13,26.451,26.063,20.462,17.990,11.366
14,26.697,26.278,20.615,18.229,11.087
15,26.954,26.495,20.726,17.828,11.052
16,26.977,26.642,20.711,17.765,11.274
17,27.320,26.765,20.768,17.782,10.929
18,27.538,26.935,20.776,17.985,10.457
19,27.792,26.984,21.210,17.818,10.370
20,27.726,26.998,21.425,17.759,10.695
21,28.093,27.081,21.450,18.003,10.411
22,28.322,27.083,21.834,18.327,10.424
23,28.519,27.274,21.785,17.474,9.915
