world,scoring,seeds,brier,brier_lo,brier_hi,skill,skill_lo,skill_hi,cycles,defaults,ratio_all,ratio_late,ratio_weighted,panel_brier,panel_brier_lo,panel_brier_hi,panel_skill,panel_skill_lo,panel_skill_hi,panel_cycles,panel_defaults,loss_rate,mean_line_end,farm_line
as assumed,weighted,3,0.004464923014391872,0.003780252066165136,0.005199370980455818,0.00035347366898530463,-2.1671176899706878e-05,0.0007050019488230722,32764,147,1.0481681288920195,0.7822072705886584,1.0258198775487626,0.00505313150092363,0.004300794220090101,0.005884068989981902,0.0005620584990593258,5.918089278492134e-05,0.0010435662529450877,36798,187,0.05886287746920967,23.575805595860356,6.1003
as assumed,unweighted,3,0.004449880669463808,0.0037510430906280636,0.005168131004954264,0.00038337009444155967,6.190905484604326e-06,0.0007441018847653829,32427,145,1.1015514759587872,0.8317213498800602,1.0626825190677331,0.00505242775964988,0.004299454806085348,0.00588481889560446,0.0007012485695842008,2.9022046519500137e-05,0.0014050789964573176,36798,187,0.05929997322084541,26.46834630737985,15.0
as assumed,tier only,3,0.004781441592013781,0.004106364711599511,0.005520425210472749,0.0002474461961398111,-9.353392714759878e-05,0.0005466294686432087,34126,164,1.0517119729218949,0.7862459793571535,1.0517857666294839,0.005055168102813214,0.00430132488633284,0.005884784130807797,0.00015924745014606057,-0.0001923411040073264,0.0004796952574989077,36798,187,0.0620666156379688,19.715178981718726,6.1003
riskier population,weighted,3,0.006079876162315302,0.00524102850691453,0.007006797243086311,-0.0002557952137780539,-0.0008233143010710209,0.0002065723678594672,31558,193,1.4219752087594524,1.1493034640423014,1.4294545895519775,0.006936773486469041,0.006056556111174566,0.007858483055594816,-0.0002127625528172139,-0.0009015599968491162,0.0004380445836599383,36798,257,0.08138774265595458,22.382991951216592,6.1003
riskier population,unweighted,3,0.0060184429748049864,0.0051577378555640666,0.006941036754456417,-0.00037870387415983586,-0.0009840981836560015,0.00012062831366370095,31060,188,1.480619554491884,1.225986980666676,1.4919601317371212,0.0069365442597052445,0.006056384741108068,0.007857572089809646,-0.00017971036578590116,-0.0009603596496326084,0.0005927556872466516,36798,257,0.08277700750640413,25.04817711541595,15.0
riskier population,tier only,3,0.006566612417710039,0.005711958429776649,0.007467757884859027,-0.00030811887390780335,-0.0008693034247122978,0.00016881091731220637,33443,221,1.4471752854130564,1.1694275677759047,1.4463024359302852,0.006939195059017136,0.006059060657316148,0.007861635275142479,-0.0005619288868161654,-0.0011748857781713473,-3.569218975651989e-05,36798,257,0.08462557934570662,19.76083743270998,6.1003
lateness halved,weighted,3,0.004596432507445678,0.003925025379909663,0.005323865743337556,0.0002694273597558805,-0.00011066353172299314,0.0005922860383088391,33557,155,1.0852649827789538,0.8092373742133,1.0753545682031596,0.00505387860396579,0.004305528344840334,0.00589227880622199,0.00041429208403342965,-3.802302629356546e-05,0.0008346393777001967,36798,187,0.06190966894877815,24.95535219305694,6.1003
lateness halved,unweighted,3,0.0045610892209958275,0.0038860943702825335,0.005291427518622717,0.00032537114757968943,-8.156625967540298e-05,0.0006526980593158841,33380,153,1.1379174358806199,0.8590360312257522,1.109590361954277,0.005052638715576454,0.004304348809833823,0.005891683915777251,0.0006595244709804993,6.973441907373591e-05,0.0012481103541812505,36798,187,0.061784010408775236,26.897586472328403,15.0
lateness halved,tier only,3,0.004796514313188234,0.0041216367352866976,0.005555685156846945,0.00023783269842325705,-0.00012518942803307342,0.0005393936910500273,34226,165,1.0548096416531394,0.7834897879361044,1.0578062405623843,0.005055168102813214,0.004307367039660867,0.005893162646431187,0.00015924745014606057,-0.00019958636573914058,0.000465695939628996,36798,187,0.06259847587738876,19.7139701084534,6.1003
lateness doubled,weighted,3,0.004270271550553358,0.003568705751834579,0.0050206514512649925,0.00048311397787581534,1.819096814292265e-05,0.000865389826557955,31230,134,0.9938860657045712,0.7731798254685553,0.935634881283608,0.005052006264453921,0.004303912422698219,0.00586575229420122,0.0007846143578928988,0.00025347479358023284,0.0012767646375753255,36798,187,0.05343412765552399,21.37933163259594,6.1003
lateness doubled,unweighted,3,0.004139483522228888,0.0034481339744323867,0.004875353971510412,0.00047671137123350693,1.5105548022029126e-05,0.0008524780807543235,30538,127,1.013454125270402,0.7799416418827004,0.9535850260964741,0.005050528008428632,0.004303758285246777,0.00586357717882796,0.0010769924918591078,0.0002725806387356228,0.001864333325595957,36798,187,0.05305669015525135,23.631353309437788,15.0
lateness doubled,tier only,3,0.004785403870730759,0.004099671793364512,0.005549106700096432,0.00023847981136748686,-0.00012454779571222097,0.0005363685854753997,33890,163,1.0530152079422341,0.8042836435362433,1.056095835812725,0.005055168102813214,0.004306449116144783,0.005869542270809102,0.00015924745014606057,-0.00020099626068421084,0.00046497128852832006,36798,187,0.06183624845541368,19.70684808146795,6.1003
"risk doubles, month 12",weighted,3,0.0064055184540200046,0.005560127439425034,0.007287854658840235,-0.00019551257185002058,-0.0007957830906001884,0.0003108662653596184,32269,208,1.499786074736367,1.7405954346897816,1.4697721364798593,0.007741938052261977,0.006780147581949226,0.008744262482464325,-0.00044333978884125713,-0.001223069784975228,0.00027949037190052814,36798,287,0.08441306526675739,22.642915739520728,6.1003
"risk doubles, month 12",unweighted,3,0.006318449819008333,0.005496192211308083,0.007222869354746469,-0.000378640279886433,-0.0010087578532699316,0.00016673070925913818,31936,203,1.556516080591793,1.8335156489003384,1.5547237108418446,0.007741339075306016,0.0067793193893656185,0.008744267059504618,-0.0003659376574582929,-0.0012264170066918878,0.00044421826331282583,36798,287,0.08686334983240328,25.603235284028525,15.0
"risk doubles, month 12",tier only,3,0.00692952336559536,0.006080290483604729,0.007834101015701858,-0.0003769775865074543,-0.000980874713609209,0.00012006342414626296,33689,235,1.5288694386525001,1.7516857182191634,1.4898055268038894,0.007745662413055216,0.006782586767310712,0.008748631890917052,-0.0009246161727922697,-0.001665647340844767,-0.0002748616045513077,36798,287,0.08799231642306693,19.791458522643204,6.1003
