r,a_h10_yield,a_h10,a_h10_abar5,a_h10_abar20,a_h10_eta2,a_h10_k2,a_h5_yield,a_h5,v_h10_yield,v_h10,v_h10_abar5,v_h10_abar20,v_h10_eta2,v_h10_k2,v_h5_yield,v_h5
0.0,11.932141495399897,13.167379980388372,13.417318813933631,12.8380548289906,13.080902356538795,13.014298764555503,11.804770159478602,12.57173986318573,1.0333434283153184,0.9364049657839619,0.9189615429869288,0.960425871694883,0.8884863202572693,0.9474194670849885,1.0444930170961155,0.9807711688424585
0.0025,11.932141495399897,13.167379980388372,13.417318813933635,12.8380548289906,13.080902356538795,13.014003598893584,11.804770159478602,12.57173986318573,1.0333434283153184,0.9364049657839619,0.9189615429869286,0.960425871694883,0.8884863202572693,0.9474409551452915,1.0444930170961155,0.9807711688424585
0.005,11.932141495399897,13.167379980388372,13.417318813933635,12.8380548289906,13.080902356538795,13.01370859009534,11.804770159478602,12.57173986318573,1.0333434283153184,0.9364049657839619,0.9189615429869286,0.960425871694883,0.8884863202572693,0.9474624327598893,1.0444930170961155,0.9807711688424585
0.0075,11.932141495399897,13.167379980388372,13.417318813933631,12.8380548289906,13.080902356538795,13.013413738030646,11.804770159478602,12.57173986318573,1.0333434283153184,0.9364049657839619,0.9189615429869288,0.960425871694883,0.8884863202572693,0.9474838999367686,1.0444930170961155,0.9807711688424585
0.01,11.932141495399897,13.167379980388372,13.417318813933631,12.8380548289906,13.080902356538795,13.013119042569516,11.804770159478602,12.57173986318573,1.0333434283153184,0.9364049657839619,0.9189615429869288,0.960425871694883,0.8884863202572693,0.9475053566839091,1.0444930170961155,0.9807711688424585
0.0125,11.932141495399897,13.167379980388372,13.417318813933631,12.8380548289906,13.080902356538795,13.012824503582104,11.804770159478602,12.57173986318573,1.0333434283153184,0.9364049657839619,0.9189615429869288,0.960425871694883,0.8884863202572693,0.9475268030092822,1.0444930170961155,0.9807711688424585
0.015,11.93214149547647,13.16737998116411,13.417318814508578,12.838054829822331,13.080902357192642,13.01251036758478,11.804770159478602,12.571739863594743,1.033343428308687,0.9364049657287951,0.9189615429475503,0.9604258716326604,0.8884863201684476,0.9475496773255245,1.0444930170961155,0.9807711688105499
0.0175,11.932141495553044,13.167379981939847,13.417318815083522,12.838054830654064,13.080902357846485,13.01219635991615,11.804770159478602,12.571739864003757,1.0333434283020557,0.936404965673628,0.9189615429081719,0.9604258715704379,0.8884863200796264,0.9475725434010783,1.0444930170961155,0.9807711687786412
0.02,11.932141495629613,13.167379982715586,13.417318815658469,12.838054831485795,13.080902358500332,13.01188248049403,11.804770159478602,12.571739864412768,1.0333434282954246,0.9364049656184611,0.9189615428687935,0.9604258715082152,0.8884863199908046,0.9475954012406557,1.0444930170961155,0.9807711687467325
0.0225,11.932141495706187,13.167379983491323,13.417318816233415,12.83805483231753,13.080902359154178,13.011568729236306,11.804770159478602,12.571739864821781,1.033343428288793,0.936404965563294,0.918961542829415,0.9604258714459926,0.888486319901983,0.947618250848965,1.0444930170961155,0.9807711687148236
0.025,11.93214149578276,13.167379984267058,13.41731881680836,12.838054833149263,13.080902359808025,13.011255106060934,11.804770159478602,12.571739865230795,1.0333434282821619,0.9364049655081272,0.9189615427900366,0.9604258713837699,0.8884863198131614,0.947641092230711,1.0444930170961155,0.9807711686829151
0.0275,11.93214158436908,13.167380007432966,13.417318830600545,12.83805487435802,13.080902381333894,13.010935706910292,11.804770248793316,12.571739906349599,1.0333434206104382,0.9364049638606718,0.9189615418454004,0.9604258683009075,0.8884863168889838,0.9476643554122984,1.0444930091934972,0.9807711654750744
0.03,11.932141672955412,13.16738003059888,13.417318844392732,12.838054915566785,13.080902402859774,13.010616239788062,11.804770338108035,12.571739947468409,1.0333434129387138,0.9364049622132161,0.9189615409007638,0.9604258652180445,0.8884863139648052,0.9476876246870878,1.0444930012908784,0.9807711622672334
0.0325,11.93214176154175,13.167380053764797,13.41731885818492,12.838054956775558,13.080902424385652,13.010296704679595,11.804770427422765,12.571739988587224,1.033343405266989,0.9364049605657602,0.9189615399561271,0.9604258621351811,0.8884863110406266,0.94771090005696,1.0444929933882587,0.980771159059392
0.035,11.932141850128096,13.167380076930716,13.417318871977116,12.838054997984333,13.080902445911535,13.009977101570247,11.8047705167375,12.571740029706046,1.0333433975952635,0.9364049589183038,0.91896153901149,0.9604258590523174,0.8884863081164468,0.9477341815237954,1.0444929854856388,0.9807711558515501
0.0375,11.93214193871445,13.16738010009664,13.41731888576931,12.838055039193113,13.080902467437422,13.00965743044538,11.804770606052244,12.571740070824875,1.0333433899235374,0.9364049572708473,0.9189615380668529,0.9604258559694534,0.8884863051922671,0.9477574690894753,1.0444929775830183,0.9807711526437076
0.04,11.932142300056704,13.167380184713215,13.417318934886255,12.838055196459022,13.080902546887641,13.009233300185105,11.804771057226823,12.571740282946624,1.0333433586306968,0.9364049512532965,0.9189615347027992,0.9604258442042565,0.8884862943993679,0.9477883681142499,1.0444929376628302,0.9807711360952515
0.0425,11.93214266139908,13.16738026932984,13.417318984003234,12.838055353725009,13.080902626337906,13.008809137453312,11.804771508401608,12.571740495068537,1.033343327337847,0.9364049452357421,0.918961531338743,0.9604258324390544,0.8884862836064625,0.9478192715197142,1.044492897742627,0.9807711195467832
0.045,11.932143022741592,13.167380353946518,13.417319033120249,12.838055510991072,13.080902705788219,13.008384942256566,11.804771959576598,12.571740707190612,1.0333432960449878,0.9364049392181841,0.9189615279746844,0.9604258206738464,0.8884862728135512,0.9478501793060494,1.0444928578224089,0.9807711029983027
0.0475,11.93214338408423,13.167380438563242,13.417319082237295,12.838055668257208,13.08090278523858,13.007960714601435,11.804772410751797,12.571740919312848,1.0333432647521195,0.9364049332006227,0.9189615246106239,0.9604258089086337,0.8884862620206332,0.9478810914734371,1.044492817902175,0.9807710864498101
0.05,11.932143745426997,13.16738052318002,13.417319131354374,12.838055825523423,13.080902864688987,13.0075364544945,11.804772861927203,12.571741131435246,1.0333432334592418,0.9364049271830579,0.9189615212465608,0.9604257971434152,0.8884862512277092,0.9479120080220578,1.0444927779819264,0.9807710699013058
0.0525,11.932144702017855,13.167351398962573,13.417279762860238,12.838033928573129,13.080876931667163,13.006934825364782,11.80477469491065,12.571725228629088,1.0333431506169097,0.9364069983710963,0.9189642176300231,0.9604274352755512,0.8884897741040888,0.9479558532080368,1.0444926157985708,0.9807723105434554
0.055,11.932145658609842,13.167322274849234,13.417240394465951,12.838012031745583,13.080850998730508,13.00633331198875,11.804776527897593,12.571709328098327,1.0333430677744935,0.9364090695608936,0.9189669140224697,0.9604290734040924,0.8884932969898509,0.9479996940132749,1.0444924536149562,0.9807735510112299
0.0575,11.93214661520296,13.167293150840004,13.417201026171513,12.837990135040794,13.08082506587903,13.005731914343915,11.804778360888028,12.571693429842462,1.0333429849319926,0.9364111407524492,0.918969610423901,0.9604307115290378,0.8884968198849946,0.948043530437633,1.0444922914310828,0.9807747913046675
0.06,11.932147571797206,13.167264026934882,13.417161657976928,12.837968238458759,13.080799133112725,13.005130632407807,11.80478019388196,12.571677533860997,1.0333429020894074,0.9364132119457632,0.9189723068343165,0.9604323496503882,0.8885003427895204,0.9480873624809709,1.0444921292469507,0.9807760314238052
0.0625,11.93214852839258,13.167234903133876,13.417122289882197,12.837946341999478,13.080773200431597,13.004529466157946,11.804782026879385,12.571661640153431,1.0333428192467375,0.9364152831408354,0.9189750032537162,0.9604339877681426,0.8885038657034272,0.9481311901431503,1.0444919670625596,0.9807772713686811
0.065,11.93215152575565,13.167177585135404,13.417090119705707,12.837859335682387,13.080708589658133,13.003905932666243,11.80478733587253,12.571596165357176,1.0333425596704493,0.936419359447198,0.9189772066814177,0.9604404969393293,0.8885126430664231,0.9481766527568175,1.0444914973208748,0.980782379406767
0.0675,11.932154523129835,13.167120247333589,13.41705794452173,12.837772307935397,13.080643959118568,13.003281123274487,11.804792644897894,12.571530709871395,1.0333423000933286,0.9364234371974304,0.9189794104626654,0.9604470078020056,0.8885214232447657,0.9482222127714067,1.0444910275767618,0.9807874859915235
0.07,11.932157520515139,13.167062889718384,13.417025764329107,12.837685258751419,13.080579308804086,13.002655034224267,11.804797953955472,12.57146527368717,1.0333420405153757,0.9364275163922843,0.9189816145975431,0.960453520356769,0.8885302062397749,0.9482678704884677,1.0444905578302208,0.9807925911236002
0.0725,11.932160517911557,13.167005512279726,13.416993579126688,12.837598188123364,13.080514638705862,13.002027661743176,11.804803263045269,12.571399856795598,1.0333417809365906,0.9364315970325126,0.9189838190861354,0.9604600346042169,0.8885389920527712,0.9483136262107383,1.0444900880812518,0.9807976948036452
0.075,11.93216351531909,13.166948115007552,13.416961388913318,12.837511096044135,13.08044994881507,13.001399002044774,11.804808572167284,12.571334459187767,1.0333415213569732,0.9364356791188684,0.9189860239285256,0.9604665505449476,0.8885477806850763,0.9483594802421507,1.0444896183298542,0.9808027970323081
0.0775,11.932170205720109,13.16687117243078,13.416830024341989,12.837469094347318,13.080386023220855,13.000712745946839,11.804821737590155,12.571307012613008,1.0333409419595085,0.9364411513205166,0.9189950217473004,0.9604696930043033,0.8885564656097514,0.9484095403803192,1.0444884534543641,0.9808049383909802
0.08,11.932176896169386,13.166794239747171,13.416698702521002,12.837427096996842,13.080322104936215,13.000026801624855,11.804834903196863,12.571279574105754,1.0333403625585142,0.9364466228825005,0.9190040168140012,0.9604728351590367,0.8885651496686606,0.9484595830570819,1.0444872885652061,0.9808070791295788
0.0825,11.932183586666925,13.166717316954744,13.41656742342911,12.837385103992,13.080258193959853,12.999341168864198,11.804848068987413,12.571252143662434,1.0333397831539899,0.9364520938049377,0.9190130091299166,0.9604759770091948,0.8885738328619388,0.948509608281734,1.0444861236623804,0.9808092192483739
0.085,11.932190277212724,13.166640404051524,13.416436187045091,12.837343115332068,13.08019429029047,12.998655847450424,11.804861234961807,12.571224721279497,1.0333392037459361,0.9364575640879444,0.9190219986963337,0.9604791185548254,0.8885825151897214,0.9485596160635658,1.0444849587458866,0.9808113587476346
0.0875,11.932196967806789,13.166563501035533,13.41630499334773,12.837301131016341,13.080130393926762,12.997970837169287,11.804874401120053,12.571197306953385,1.0333386243343525,0.9364630337316386,0.9190309855145392,0.9604822597959748,0.8885911966521451,0.9486096064118605,1.0444837938157243,0.9808134976276306
0.09,11.93220985441717,13.166330489943014,13.415966165592744,12.837215716390988,13.07995014999893,12.996809680726336,11.804901371549407,12.571104171285358,1.0333375083439027,0.9364796067832385,0.9190541961578684,0.9604886505300868,0.8886156866951834,0.9486943567608608,1.0444814075038453,0.9808207641906204
0.0925,11.9322227412097,13.166097650333528,13.415626916509261,12.837130350006621,13.079770023827306,12.995646650759246,11.804928342695737,12.57101101377561,1.0333363923400891,0.9364961682239727,0.9190774368379842,0.9604950377397734,0.88864016174995,0.9487792590359205,1.0444790211394337,0.9808280325654392
0.095,11.932235628184381,13.165864982012568,13.415287245326121,12.837045031821207,13.079590015293533,12.994481743273461,11.80495531455907,12.570917834417363,1.0333352763229116,0.9365127180664133,0.9191007076121882,0.9605014214280377,0.8886646218305994,0.9488643136062407,1.0444766347224872,0.9808353027526944
0.0975,11.932248515341222,13.165632484785931,13.41494715127033,12.836959761792752,13.079410124279423,12.993314954265648,11.804982287139442,12.570824633203845,1.0333341602923698,0.9365292563231141,0.9191240085379246,0.9605078015978799,0.888689066951268,0.9489495208420322,1.0444742482530043,0.9808425747529924
0.1,11.932261402680222,13.165400158459715,13.414606633567045,12.836874539879314,13.079230350666949,12.992146279723677,11.80500926043688,12.570731410128264,1.0333330442484638,0.9365457830066101,0.9191473396727817,0.960514178252296,0.8887134971260743,0.9490348811145191,1.0444718617309827,0.9808498485669414
0.1025,11.932284639285637,13.165083789633886,13.414246740858598,12.836551843399516,13.078921709083641,12.991003679476428,11.805056517943438,12.57054468875856,1.0333310319638984,0.9365682890456476,0.9191719996057565,0.9605383244987258,0.888755442048356,0.9491183517620966,1.0444676805450832,0.9808644179934646
0.105,11.932307876496772,13.164767211466563,13.41388691457906,12.836229002648809,13.07861288695248,12.98986109326421,11.805103777524344,12.57035798174936,1.0333290196347154,0.9365908110597294,0.9191966563098856,0.9605624827553055,0.888797414479612,0.9492018360684106,1.0444634992091304,0.9808789867322527
0.1075,11.932331114313653,13.164450423764828,13.413527154710655,12.835906017555573,13.078303884128161,12.98871852124684,11.805151039179734,12.570171289100838,1.0333270072609126,0.9366133490648074,0.919221309785761,0.9605866530291162,0.8888394144450881,0.9492853340251147,1.044459317723116,0.9808935547832126
0.11,11.932354352736304,13.164133426335544,13.41316746123562,12.83558288804818,13.07799470046525,12.987575963584055,11.805198302909753,12.569984610813151,1.0333249948424896,0.9366359030768545,0.9192459600339741,0.9606108353272408,0.8888814419700578,0.949368845623861,1.0444551360870316,0.9809081221462509
0.1125,11.932377591764752,13.16381621898537,13.412807834136197,12.835259614054987,13.07768533581817,12.986433420433533,11.805245568714547,12.56979794688647,1.0333229823794439,0.936658473111862,0.9192706070551161,0.9606350296567657,0.8889234970798242,0.9494523708564456,1.0444509543008678,0.9809226888212736
0.115,11.932415928321015,13.163394637255571,13.41217967549641,12.835007841452084,13.077328272289982,12.985205929371862,11.805323693840737,12.569443684803419,1.0333196625115404,0.9366884713083915,0.9193136610394866,0.96065387355502,0.8889720400982029,0.9495421225558062,1.0444440423461667,0.9809503355273463
0.1175,11.932454266419855,13.162973279283177,13.411551545103883,12.834756179849371,13.0769713775332,12.983977394716103,11.805401824609168,12.569088982121093,1.0333163425313863,0.9367184555031978,0.919356717120569,0.9606727098842873,0.8890205641456007,0.9496319675523893,1.0444371299837731,0.9809780181792661
0.12,11.93249260606137,13.162552144883929,13.410923442969766,12.834504629168858,13.07661465142376,12.982747815563785,11.805479961020477,12.568733838084558,1.0333130224389753,0.93674842570652,0.9193997752976208,0.9606915386494719,0.8890690692336857,0.9497219059603645,1.044430217213649,0.9810057368419108
0.1225,11.932530947245654,13.162131233873778,13.410295369105201,12.834253189332633,13.076258093837714,12.981517191012863,11.805558103075311,12.568378251937382,1.0333097022343019,0.9367783819285874,0.9194428355699011,0.9607103598554724,0.889117555374116,0.9498119378939844,1.0444233040357551,0.981033491580297
0.125,11.932569289972813,13.161710546068875,13.409667323521338,12.834001860262854,13.07590170465125,12.980285520161692,11.805636250774306,12.568022222921618,1.0333063819173591,0.9368083241796188,0.9194858979366669,0.9607291735071845,0.8891660225785392,0.9499020634675845,1.0444163904500532,0.9810612824595811
0.1275,11.932628490911192,13.1609831505134,13.408571023680569,12.833624993717565,13.075303642446492,12.978496678024065,11.805753205896263,12.567706983672677,1.0333012554100278,0.9368601007227195,0.9195610761373655,0.9607573858544172,0.8892473650495193,0.9500329896356843,1.0444060438127662,0.9810858906894078
0.13,11.932687695542509,13.16025676758812,13.407473591875851,12.833248544717,13.074706320616377,12.976707115023439,11.805870172822754,12.567391752683493,1.0332961286337785,0.9369118108977231,0.919636344275275,0.96078556859836,0.8893286179639247,0.9501640046823024,1.0443956963362004,0.981110499508953
0.1325,11.932746903867129,13.15953139510524,13.406375026545781,12.832872512531878,13.074109737738418,12.974916831595426,11.805987151555648,12.567076529970645,1.033291001588589,0.9369634548374732,0.9197117024986645,0.960813721788259,0.8894097814759212,0.9502951086341471,1.044385348020246,0.9811351089169185
0.135,11.932806115885414,13.158807030883404,13.405275326126723,12.832496896434687,13.073513892393862,12.97312582817874,11.806104142096826,12.566761315550712,1.0332858742744362,0.9370150326744502,0.9197871509560849,0.9608418454732455,0.8894908557393079,0.9504263015177257,1.0443749988647928,0.9811597189120054
0.1375,11.932865331597728,13.158083672747672,13.404174489052826,12.832121695699678,13.072918783167678,12.97133410521521,11.806221144448163,12.56644610944028,1.0332807466912977,0.937066544540771,0.9198626897963688,0.960869939702337,0.8895718409075198,0.9505575833593434,1.0443646488697311,0.981184329492914
0.14,11.932953015210792,13.157052174620713,13.402775277934115,12.831359222613518,13.072000420439167,12.968950426081241,11.806391480555881,12.566106426452503,1.0332731541206184,0.9371400095063805,0.9199587208105848,0.9609270371193459,0.8896968375864995,0.9507322948203828,1.0443495813523087,0.9812108525552923
0.1425,11.933040706583757,13.156020827098308,13.401375542496494,12.830596927138071,13.071082181466373,12.966563880245813,11.80656184309834,12.565767009165626,1.0332655609896,0.9372134752632117,0.9200548078740794,0.9609841280198541,0.8898218437633835,0.9509072807472455,1.0443345119314003,0.9812373563035462
0.145,11.933128405717703,13.1549896302606,13.39997528268089,12.829854554955645,13.07016406630281,12.964174465311999,11.806732232081991,12.565427857291597,1.033257967298176,0.9372869418032177,0.9201509510197526,0.9610397333177427,0.8899468594276352,0.9510825415834347,1.0443194406066187,0.9812638407569241
0.1475,11.933216112613717,13.153958584187706,13.398574498428822,12.829183866148425,13.069246075001983,12.961782178896478,11.806902647513292,12.565088970542797,1.0332503730462796,0.9373604091183484,0.9202471502804923,0.961089974907477,0.8900718845687113,0.9512580777722756,1.0443043673775763,0.9812903059346468
0.15,11.933303827272887,13.152927688959748,13.397173189682423,12.828513620723431,13.068328207617396,12.959387018629712,11.807073089398704,12.564750348632058,1.0332427782338438,0.9374338772005496,0.9203434056891728,0.9611401885314194,0.8901969191760604,0.9514338897569045,1.0442892922438856,0.981316751855908
0.1525,11.933427425132317,13.151605070172815,13.395470437788678,12.827503600957598,13.0670978458064,12.956527084937283,11.807313499921728,12.56401109521387,1.0332320766481962,0.9375281522073551,0.9204603942252761,0.9612158673710712,0.8903645640303465,0.9516439026577069,1.0442680293092699,0.981374491518635
0.155,11.933551038191226,13.150280846996596,13.3937706045816,12.826492995923969,13.06586616887348,12.95365812720634,11.807553961485391,12.563271084801752,1.0332213739682352,0.9376225605718573,0.9205772119004548,0.9612916019927078,0.8905324355161939,0.9518546713922853,1.0442467627265355,0.9814322971121787
0.1575,11.933674666452564,13.148955017165967,13.392073682418204,12.825481805695512,13.064633175227716,12.950780110118517,11.807794474106744,12.56253031659153,1.0332106701937809,0.9377171025304428,0.9206938590987183,0.9613673924144135,0.8907005340204937,0.9520661994999436,1.0442254924946734,0.9814901687214698
0.16,11.933798309919291,13.147627578414308,13.390379663682245,12.82447003022827,13.063398863277584,12.947892998246823,11.808035037802846,12.561788789779149,1.0331999653246517,0.9378117783198631,0.9208103362029206,0.9614432386630587,0.8908688599307497,0.9522784905366078,1.0442042186126743,0.9815481064314866
0.1625,11.933921968594358,13.146298528473515,13.388688540784122,12.82345766947969,13.06216323143096,12.944996756056312,11.80827565259076,12.561046503560682,1.033189259360667,0.9379065881772349,0.9209266435947641,0.9615191407654319,0.8910374136350804,0.9524915480748508,1.0441829410795276,0.9816061103272575
0.165,11.934090551927914,13.14442041515535,13.386550661372507,12.821867336498155,13.060355553941921,12.941464846165232,11.808603378184579,12.559813273673818,1.0331746643239712,0.9380405990197686,0.9210737188317502,0.9616384007422984,0.8912840868189063,0.9527514965706204,1.0441539617444224,0.9817024928105005
0.1675,11.934259163440247,13.142535965673174,13.384415158642767,12.820281168860422,13.05854248862632,12.937920267371696,11.80893119621245,12.558582396729218,1.033160067260151,0.9381751004680203,0.9212206774711483,0.9617573778294908,0.8915315981236814,0.9530125201880538,1.0441249758449498,0.9817987102757115
0.17,11.934427803138805,13.140645150813645,13.382282028789186,12.81869914925777,13.056724013839247,12.934362965074653,11.8092591067154,12.557353865978671,1.033145468168751,0.9383100950136035,0.9213675196408637,0.9618760731048074,0.8917799514823904,0.9532746246021893,1.0440959833787098,0.9818947631479402
0.1725,11.934596471031023,13.13874794121076,13.380151268013742,12.817121260480638,13.054900107840528,12.930792884523076,11.80958710973447,12.556127674700601,1.0331308670493171,0.9384455851630994,0.9215142454686436,0.9619944876403259,0.8920291508497892,0.9535378155161568,1.044066984343302,0.9819906518507113
0.175,11.934765167124354,13.13684430734518,13.37802287252609,12.815547485417936,13.053070748794415,12.92720997081831,11.809915205310729,12.55490381619994,1.033116263901393,0.9385815734381466,0.9216608550820784,0.9621126225024398,0.8922792002025289,0.9538020986611618,1.0440379787363248,0.9820863768060303
0.1775,11.934990986787817,13.134476378646562,13.375066422104615,12.813890795640178,13.050908311955123,12.923558600659627,11.810350106443467,12.553669732976314,1.0330967165077427,0.9387507841611072,0.9218645807711683,0.9622370126796445,0.8925749125344059,0.9540715820618222,1.0439995333646395,0.9821829203942833
0.18,11.935216857272236,13.132105647004108,13.372104567966339,12.81223593314767,13.04874363395955,12.919902135417438,11.810785172332885,12.552435745584445,1.0330771654548714,0.9389202563118964,0.9220687691552486,0.9623612977731674,0.8928710786005829,0.9543415941363568,1.04396107626133,0.9822794754665292
0.1825,11.935442778595682,13.12973211035513,13.369137298409658,12.810582890770256,13.046576713516888,12.91624057408991,11.811220403077197,12.551201854997842,1.033057610741672,0.939089990288195,0.9222734215966747,0.9624854782278093,0.8931676991333556,0.9546121357273326,1.043922607420622,0.982376041947747
0.185,11.935668750776232,13.127355766651844,13.366164601721595,12.80893167412273,13.04440754934673,12.912573915756642,11.811655798774696,12.549968062190386,1.0330380523670382,0.9392599864873463,0.9224785394616392,0.9626095535281608,0.8934647748651109,0.9548832076735875,1.0438841268367365,0.982472619762827
0.1875,11.935894773831976,13.124976613861536,13.363186466178023,12.807282275686166,13.042236140179162,12.9089021595795,11.812091359523755,12.548734368136326,1.0330184903298623,0.9394302453063461,0.9226841241201715,0.9627335241456919,0.8937623065283145,0.9551548108101582,1.0438456345038907,0.982569208836571
0.19,11.936191789201311,13.12175386522057,13.358684312787744,12.805365827174132,13.039419293303006,12.903862672571378,11.812666608602909,12.547262938648418,1.0329927851155145,0.9396609726601315,0.9229950877869741,0.962877606654129,0.8941484991089048,0.9555278378937504,1.0437948016767298,0.9826844356645145
0.1925,11.936488892474042,13.118536862661278,13.354169396769658,12.803450642829617,13.036606937486663,12.898817817754468,11.813242154330359,12.54579452442817,1.0329670735733745,0.93989140169239,0.9233071435339586,0.9630216372103744,0.8945343257255048,0.955901554251621,1.0437439475902228,0.982799453314177
0.195,11.93678608369127,13.115325592045115,13.349641675079885,12.801536723039908,13.033799062706317,12.893767608130203,11.81381799694685,12.544329117235636,1.0329413557009253,0.9401215328942012,0.9236202963422399,0.9631656157193027,0.8949197867739251,0.9562759601953181,1.0436930722300404,0.9829142622748033
0.1975,11.937083362894132,13.112120039275371,13.345101104606465,12.799624068176083,13.030995658965622,12.888712056908549,11.814394131693376,12.542866708861844,1.0329156314956491,0.9403513667558984,0.923934551214747,0.9633095420869651,0.8953048826498361,0.9566510560216083,1.0436421760235217,0.9830288630340424
0.2,11.937380730123788,13.108920190206183,13.340547642171325,12.797712678335527,13.028196716295598,12.883651177509448,11.814970568811217,12.541407291128653,1.0328899009550263,0.9405809037735905,0.9242499131762144,0.9634534162399746,0.8956896137487689,0.9570268420123063,1.0435912580729012,0.9831432560779525
0.2025,11.937765316680279,13.105567788546601,13.3360239091299,12.795524654389103,13.025194772728742,12.878435852813464,11.815719814253338,12.539650688680998,1.0328566254164557,0.940821504183558,0.9245634294010846,0.9636181659632517,0.896102524199411,0.9574144050503112,1.0435250830107095,0.9832809785626452
0.205,11.938150054207519,13.102215208602244,13.331504717071901,12.793335288513957,13.022192737281449,12.873217975890263,11.816469559170296,12.53789400017087,1.0328233389606605,0.9410622405213397,0.9248768433626695,0.9637830731341853,0.896515732892813,0.9578024720075714,1.0434588722340654,0.9834187463885053
0.2075,11.938534942799151,13.098862455679589,13.327439017666057,12.791144583603264,13.01919061370835,12.8679975653229,11.817219804086113,12.536137229355534,1.0327900415818578,0.941303112519804,0.9251589884340187,0.9639481376674923,0.8969292396013357,0.9581910423442485,1.0433926257118937,0.9835565592826451
0.21,11.938919982548894,13.095509535098552,13.32359714721791,12.788952542570248,13.016188405771894,12.86277464673292,11.817970549525564,12.534380379998966,1.0327567332742615,0.9415441199102,0.9254257588067811,0.9641133594762711,0.897343044095184,0.9585801149934441,1.0433263434130822,0.983694416971333
0.2125,11.939305173550547,13.09215645219246,13.319753774735565,12.786759168348203,13.01318611724234,12.857549229718254,11.818721796014175,12.53262345587182,1.0327234140320802,0.9417852624221561,0.9256927874588121,0.9642787384719933,0.8977571461423987,0.9589696900791245,1.0432600253064803,0.9838323191799969
0.215,11.939799386281184,13.0882924817201,13.315409805844643,12.784140264655933,13.009701222074671,12.851192262471619,11.819677412866143,12.530181980661437,1.0326806674965707,0.9420632994885179,0.9259947819696762,0.9644762764445345,0.8982381731103415,0.9594440537635082,1.0431756780923946,0.9840240164931051
0.2175,11.940293852747152,13.084425548765264,13.311060241833545,12.781515123250392,13.006214025262183,12.844818795316415,11.820633829328063,12.527734112277905,1.0326379025557386,0.9423417141277206,0.926297362944065,0.9646743661532694,0.8987199048741146,0.959920120048394,1.0430912739558984,0.9842162907908371
0.22,11.940788573154283,13.080555660119252,13.30670507924715,12.77888373242303,13.002724531872762,12.83842881914235,11.821591046452994,12.525279837739795,1.032595119196797,0.9426205063743898,0.9266005315793464,0.9648730091123603,0.8992023419153766,0.9603978939865075,1.0430068128350245,0.9844091437261626
0.2225,11.941283547708645,13.076682822642033,13.302344314682912,12.776246080534031,12.999232747016991,12.83202232558624,11.82254906529588,12.522819144152567,1.032552317406946,0.9428996762581742,0.9269042890725919,0.9650722068343739,0.899685484710328,0.9608773805992187,1.0429222946677126,0.9846025769490887
0.225,11.941778776616529,13.072807043262513,13.297977944791588,12.773602156013828,12.995738675848296,12.82640536964084,11.823507886913562,12.52035201871059,1.032509497173374,0.9431792238037091,0.9272086366205236,0.9652719608301734,0.9001693337296658,0.9612981692582557,1.0428377193918084,0.9847965921065058
0.2275,11.942409590914918,13.067859244353055,13.292425286226194,12.770304446310584,12.991271741775662,12.820746315471766,11.824712386265752,12.518182667693035,1.032454958619066,0.943536333644556,0.9275959604434659,0.9655212255775318,0.9007884707071816,0.9617224845265409,1.0427314929301057,0.9849672534194043
0.23,11.943040824049527,13.062905682490623,13.286862246071612,12.767007618331547,12.986800296181888,12.815059709300474,11.825918171038282,12.516015712132525,1.03240038962031,0.9438941304251319,0.9279843330689669,0.9657705523960001,0.9014088729541925,0.9621492431324026,1.0426251747789204,0.9851377853455225
0.2325,11.943672476459769,13.057946369750828,13.281288811261478,12.763711682378986,12.982324348146824,12.809345393871116,11.827125243390487,12.513851157259648,1.0323457901496929,0.9442526145277222,0.9283737576390282,0.9660199405022796,0.9020305420305758,0.9625784629009637,1.0425187648106238,0.9853081873078704
0.235,11.944304548585679,13.05298131841362,13.275704968870963,12.760416648757142,12.977843906888598,12.803603218682857,11.828333606518262,12.511689008285614,1.0322911601797689,0.9446117863208979,0.9287642372974946,0.9662693891112821,0.9026534794805763,0.9630101612340046,1.0424122628064263,0.9854784587304483
0.2375,11.944937040867929,13.048010540964528,13.270110706120825,12.757122527771994,12.973358981969463,12.797833031268462,11.829543260449835,12.509529270402222,1.0322364996830564,0.9449716461593654,0.929155775189788,0.9665188974361454,0.9032776868040434,0.9634443557651186,1.0423056688269072,0.9856485990382554
0.24,11.94573765090818,13.041136102668316,13.262386311062741,12.752663378408222,12.967154902233075,12.789975818363866,11.831061360231834,12.506732953444196,1.0321673186136484,0.945469773716815,0.9296969422248698,0.9668568544572547,0.9041422322562761,0.9640362245483346,1.0421719256266615,0.9858689752070283
0.2425,11.946538961339854,13.034250184560708,13.254641362241834,12.748218118868621,12.960941803717743,12.782123545333606,11.832582807718707,12.503945923097643,1.0320980863077633,0.9459692598662173,0.9302401825163044,0.9671939940963501,0.9050092790010205,0.9646284481815491,1.0420379219283227,0.986088717580238
0.245,11.94734097313094,13.027352818324434,13.246875822030802,12.743786692968975,12.954719715339499,12.77427626294865,11.834106714511595,12.501168150973433,1.0320288027042706,0.9464701057805444,0.9307855048730849,0.9675303186613072,0.905878830812738,0.9652210227958464,1.0419037361628922,0.9863078274840975
0.2475,11.948143687251255,13.02044403643653,13.239089653161868,12.73936904477265,12.948488659293048,12.766434022060363,11.835633086864815,12.498399608794399,1.031959467741938,0.9469723125797873,0.9313329181251709,0.9678658304556592,0.9067508924183896,0.9658139444964656,1.0417693679338398,0.9865263062419682
0.25,11.948947104672461,13.013523872175611,13.231282819140858,12.73496511858965,12.942248660139663,12.758596873597522,11.837161931054405,12.495640268395194,1.0318900813594307,0.947475881330109,0.9318824310945096,0.9682005317785669,0.9076254682295792,0.9664072093629311,1.0416348168434402,0.9867441551743334
0.2525,11.949962811889286,13.00609415526767,13.222539682350376,12.730351670954102,12.93563229683554,12.749583972767939,11.839058054057032,12.492773879874209,1.0318023741239266,0.9480171258798828,0.9324986194942753,0.9685514052319895,0.9085541766961526,0.9670903792889135,1.0414679904179311,0.9869705574246854
0.255,11.950979676679525,12.998670973949109,13.213798279734071,12.72574538664894,12.929021260080617,12.74059129097671,11.840957986495606,12.489910349116824,1.0317145818647884,0.9485585122287343,0.9331155008556815,0.9689019876930642,0.9094835619284116,0.9677729799505063,1.0413008824169578,0.9871968377156419
0.2575,11.951997701127155,12.991254369378211,13.205058654896357,12.72114627255006,12.922415577068888,12.73161882367754,11.842861740414055,12.48704970135882,1.0316267044493488,0.9491000367957647,0.9337330732285775,0.9692522777295562,0.9104136195639451,0.9684550072351653,1.0411334920784876,0.987422993812403
0.26,11.9530168873213,12.983844382581022,13.196320851612878,12.716554335404458,12.915815274894479,12.722666566012467,11.844769327908326,12.484191961820468,1.0315387417446527,0.9496416959942763,0.9343513346368056,0.9696022739172163,0.9113443452270552,0.9691364570489144,1.0409658186376316,0.987649023477689
0.2625,11.954037237356264,12.97644105444841,13.18758491382949,12.711969581830305,12.90922038055005,12.713734512810893,11.84668076112669,12.481337155705832,1.0314506936174546,0.9501834862320123,0.9349702830781274,0.9699519748398179,0.912275734529013,0.9698173253166309,1.0407978613266307,0.9878749244718024
0.265,11.95532190203051,12.968001355214682,13.177829754252384,12.706753374171742,12.901645253657442,12.703773916441058,11.849027175066338,12.478318025019606,1.031339858603544,0.9508018747269694,0.9356624140648959,0.9703501466442603,0.9133473239387428,0.97057772604428,1.0405917564224818,0.9881139409396185
0.2675,11.956608438900242,12.959554529913461,13.168055275077407,12.701552267306868,12.894064648306195,12.693842256954312,11.851379332582706,12.47530891111334,1.031228885934321,0.9514215918100954,0.9363569443193669,0.970747491370545,0.9144215795872209,0.9713371058510687,1.0403852289244875,0.9883522795187945
0.27,11.957896852275843,12.95110066809766,13.158261501930028,12.696366223382077,12.88647862658761,12.683939488693474,11.853737255808934,12.472309816541685,1.0311177753346599,0.9520426345208163,0.937053880422688,0.9711440094798648,0.9154985012118924,0.9720954606406804,1.0401782774422195,0.9885899389419476
0.2725,11.95918714648133,12.942639860116872,13.14844846170757,12.691195204478827,12.878887251030157,12.674065565486147,11.856100966994674,12.46932074377543,1.0310065265286672,0.9526649998193382,0.9377532289006455,0.971539701449761,0.9165780884609876,0.9728527863684796,1.0399709005789153,0.9888269179502036
0.275,11.960479325854422,12.934172197113874,13.138616182596744,12.686039172615619,12.871290584596789,12.664220440645948,11.858470488506857,12.466341695203095,1.0308951392396792,0.9532886845863479,0.9384549962219135,0.9719345677739847,0.917660340893051,0.9736090790418284,1.039763096931442,0.9890632152930992
0.2775,11.96209763739894,12.924935027291928,13.127542217651525,12.680277538658192,12.863073351889721,12.653358594636533,11.86134744682508,12.46276777173798,1.0307556729390694,0.9539699792659939,0.9392466461407273,0.9723761930612081,0.9188331612487994,0.9744448406944227,1.0395109034008074,0.9893468470110579
0.28,11.96371897884431,12.915713429398016,13.116477333163273,12.67451315678323,12.854868593633526,12.64247954382745,11.864232940566366,12.459204222366282,1.0306159833579667,0.9546510974713293,0.940038982023415,0.9728184307735046,0.9200064458720196,0.9752833656764732,1.0392580845105523,0.989629817437751
0.2825,11.96534335915269,12.906507449725286,13.1054216059422,12.668746099671257,12.846676337373776,12.6315834575678,11.867127009615727,12.455651092864281,1.0304760699214177,0.9553320329321503,0.9408319984463063,0.9732612764510256,0.9211801863005279,0.9761246514674203,1.0390046377703057,0.9899121216604834
0.285,11.966970787322692,12.897317133617827,13.09437511338139,12.662976440319742,12.838496610009118,12.620670508173795,11.87002969417443,12.452108428802326,1.0303359320524024,0.9560127794222355,0.9416256899040367,0.9737047255920398,0.9223543741164395,0.9769686952855997,1.0387505606705696,0.9901937547765096
0.2875,11.968601272389565,12.888142525464142,13.08333793686082,12.657204252037104,12.830329437787757,12.609740870937902,11.872941034518252,12.448576275545607,1.0301955691718252,0.956693330760319,0.942420050563826,0.9741487736531989,0.9235290009474783,0.9778154940850029,1.038495850703961,0.9904747118930747
0.29,11.970639348932911,12.87725727185913,13.070769767060602,12.650525267423596,12.821974145407394,12.596988475255785,11.876441216487885,12.444233981766056,1.0300201719049469,0.9575020316589419,0.9433262324819306,0.9746630862633836,0.9247330072688422,0.9788053727460153,1.0381897889480938,0.99082032835983
0.2925,11.97268239904696,12.866340723973495,13.058140886925717,12.64386068602206,12.813675323193769,12.584211597337882,11.879953724207166,12.439888536167038,1.0298444065451433,0.9583144317813574,0.9442385487160153,0.975176831363775,0.9259312083686047,0.9797991637877689,1.037882830711352,0.9911664372355464
0.295,11.974730441904553,12.85539300021979,13.04545107978074,12.637210549246669,12.805382760957244,12.571410513501691,11.883478626072662,12.435540077100406,1.0296682718512151,0.959130537649778,0.9451570455168372,0.975690003102387,0.9271308333234634,0.9807968633875718,1.0375749717719571,0.9915130282684904
0.2975,11.97678349678022,12.844414224795939,13.0327001330072,12.630574897574254,12.79709654481801,12.558585505393568,11.887015991001913,12.4311887445463,1.0294917665761207,0.9599503554001808,0.9460817692545913,0.9762025956845416,0.9283318703954746,0.9817984672481309,1.0372662078803805,0.9918600910479544
0.3,11.978841583050883,12.833404521989857,13.019887837999395,12.623953770543741,12.788816760732372,12.545736859990042,11.890565888438488,12.426834680112464,1.0293148894669395,0.9607738912049968,0.9470127664244609,0.9767146033733392,0.9295343077695569,0.9828039705919501,1.0369565347591054,0.9922076150037277
0.3025,11.981414295599818,12.823346661800297,13.006420005907254,12.617016804518705,12.78016641229423,12.532855926701506,11.894787705722466,12.422818630084615,1.0290938695382732,0.9615274643342571,0.9479933751485776,0.9772516111402885,0.9307930577143361,0.9838140701618282,1.0365884877515013,0.9925283759790363
0.305,11.983995027537944,12.813876646711314,12.992884539647767,12.610087171414937,12.77150808018608,12.519955230621,11.899027066099945,12.418819789219308,1.0288722560103682,0.9622380751702099,0.9489809566440018,0.9777886411404156,0.9320555315225054,0.9848278027259705,1.0362191741817184,0.9928479685890594
0.3075,11.986583818364458,12.804396705463041,12.979281218508968,12.603164992460176,12.76284188720136,12.507035086265466,11.903284084519697,12.414838298151071,1.0286500463217383,0.9629504836209394,0.9499755643183795,0.9783256830626594,0.9333217252932827,0.9858451595406591,1.0358485870328213,0.9931663791252355
0.31,11.989180707846414,12.794907007706346,12.965609827070212,12.596250387978495,12.754167967242749,12.494095811620504,11.90755887696486,12.410874297313711,1.028427237895458,0.9636646825626529,0.9509772517029506,0.9788627266227896,0.934591633419929,0.9868661314836499,1.0354767192335577,0.9934835938728976
0.3125,11.991785736021027,12.785407724765244,12.951870155410857,12.589343477371088,12.745486448538474,12.4811377280687,11.91185156046483,12.406927926987226,1.0282038281390438,0.9643806646945546,0.951986072439812,0.9793997615652278,0.9358652510369352,0.9878907090554084,1.0351035636578105,0.9937995991078586
0.315,11.995027451521482,12.775329566122522,12.93727343465518,12.5820408948469,12.736252224124264,12.467072458176071,11.916909240878576,12.403057966463267,1.0279259509686265,0.9651414420412727,0.9530601685337752,0.9799682025393729,0.9372228125029758,0.9890052409147445,1.0346642531860861,0.994109681123735
0.3175,11.998281933677992,12.765228357363448,12.922579138988796,12.57474253321679,12.726999346089865,12.453012117530722,11.921991461168222,12.399210818103423,1.0276471304938175,0.9659051647820782,0.9541438955323616,0.9805369746084033,0.9385860813353787,0.9901218985118023,1.0342231866346092,0.9944181271599662
0.32,12.001549261350068,12.755104289477446,12.907786712688116,12.567448586209181,12.717727963132774,12.438957122677458,11.927098409116306,12.395386691836098,1.0273673616211931,0.9666718295805592,0.9552373520302934,0.9811060626522281,0.9399550621712164,0.9912406545337454,1.0337803526946454,0.9947249171436366
0.3225,12.004829515208987,12.74495755768493,12.89289561084801,12.560159246766114,12.708438226573342,12.424907886466658,11.932230274427837,12.391585803914563,1.0270866391212845,0.967441432754343,0.9563406369028231,0.9816754515413191,0.9413297592388613,0.9923614816838978,1.0333357399600835,0.9950300304667133
0.325,12.00812277584076,12.734788361280442,12.877905292436356,12.552874706999301,12.699130290355749,12.410864819457304,11.937387248105814,12.38780836346438,1.0268049577913065,0.9682139702838577,0.9574538498308293,0.9822451261403071,0.9427101763524979,0.9934843525706181,1.0328893369825531,0.9953334470659979
0.3275,12.01219208338052,12.724277210017657,12.862328993128095,12.545449676826777,12.689494475248136,12.396443452506118,11.943408341509029,12.384238919569475,1.026457112441549,0.9690137833756681,0.9586133278496841,0.9828264683708592,0.9441424209353929,0.9946401197439668,1.0323686210365413,0.9956203267781142
0.33,12.016281128524653,12.71373352545003,12.846616079390504,12.538029036114262,12.679832289305923,12.381961019721153,11.949463198053383,12.380693715899618,1.026107817228962,0.969817400633584,0.9597858240490816,0.9834081548610981,0.9455818651076552,0.9958034902841002,1.0318455143665872,0.9959054220173047
0.3325,12.020390053593594,12.70315752315555,12.830765364211484,12.530613063822507,12.670143908970303,12.36741783916539,11.95555211844935,12.377173153667362,1.0257570632089301,0.9706248212324099,0.9609715126107554,0.9839901637054213,0.9470285194485513,0.9969744824948913,1.0313199990967221,0.9961886972831608
0.335,12.024519019131777,12.692549430548375,12.8180341746758,12.523202038272968,12.660429515175506,12.352814242782276,11.961675405364783,12.373677636531083,1.0254048399260032,0.9714360434416908,0.961925973357132,0.9845724729440194,0.9484823938980586,0.9981531137493138,1.0307920573124751,0.9964701168226548
0.3375,12.02866817762097,12.681909481910003,12.805394807848774,12.515796237237842,12.650689293358436,12.338150576603137,11.967833365165138,12.370207570618726,1.025051137659583,0.9722510649983758,0.9628754275067416,0.9851550605557918,0.9499434977464885,0.9993394004593691,1.0302616709127168,0.9967496446289045
0.34,12.03373909951603,12.670671608032691,12.791711838177013,12.50833422497414,12.640442623637574,12.321824462498707,11.97496094724522,12.366583434525193,1.024619189267273,0.9731133740521917,0.9639053909267226,0.9857427678404947,0.9514842195048195,1.0006635005656974,1.0296484518253444,0.997041750883024
0.3425,12.038839743857983,12.659432728807321,12.777991354526666,12.500900081752858,12.630196078474167,12.306520725686317,11.982134278942095,12.362995707457824,1.0241850761648823,0.9739772914107221,0.964940393047929,0.9863289778627768,0.953028673873224,1.0019078726503647,1.029032033272174,0.9973310912469281
0.345,12.043970386699703,12.64819334510304,12.76423364480407,12.493494103647047,12.619950049126485,12.291291835899846,11.98935382440543,12.359444986599716,1.0237487808518828,0.9748427829634473,0.965980437456123,0.9869136606388342,0.9545768137130912,1.0031492348092408,1.0284123882390688,0.997617612552049
0.3475,12.049131307631527,12.636953959645517,12.75043900330014,12.486116567264787,12.609704927621534,12.276138059238463,11.996620054265469,12.355931873132493,1.0233102856295193,0.9757098141984426,0.9670255272629186,0.9874967876181707,0.9561285912402938,1.0043875313638235,1.0277894893917219,0.9979012612404506
0.35,12.054322789839421,12.625715076855931,12.736607733160039,12.478767751187641,12.59946110754641,12.261059648633221,12.003933445749537,12.352456972296686,1.0228695725978854,0.976578350211783,0.9680756649118252,0.9880783299958856,0.9576839578990999,1.0056227074447406,1.0271633090706547,0.9981819833619295
0.3525,12.060591298501764,12.614612910329987,12.723096356364458,12.47149277205925,12.58927580598446,12.247663764709554,12.012314006258713,12.349984975902073,1.0223379347521462,0.9774378403560111,0.969103719302745,0.9886547044010444,0.9592342052525855,1.006722607419032,1.0264466940820698,0.9983817813591621
0.355,12.066903366067834,12.603453493959416,12.709457632871596,12.464226642581545,12.579044232765451,12.234193713227452,12.020754460863479,12.347569097199543,1.0218031607572158,0.9783032885319506,0.9701436800977116,0.989231049271602,0.9607952883180654,1.007831025813247,1.0257259675458263,0.9985771209651682
0.3575,12.07325947286044,12.592237092535044,12.695690379426432,12.456970007302113,12.568766619820687,12.220650029456548,12.029255481721899,12.345209930635459,1.0212652206901283,0.9791747017938135,0.9711957074804659,0.989807312113003,0.9623672356231768,1.0089479667840806,1.025001091608294,0.9987679488059806
0.36,12.07966010651701,12.580963990858432,12.681793418804386,12.449723514614295,12.558443228202476,12.207033288079765,12.037817766381648,12.34290807574369,1.0207240842271654,0.9800520857510768,0.9722599629889294,0.990383439883323,0.9639500714975915,1.0100734313586506,1.0242720266487448,0.9989542111417763
0.3625,12.086105762132568,12.569634494121907,12.667765581064872,12.442487816640396,12.548074328298298,12.193344104068514,12.046442006162696,12.340664137335091,1.0201797206368641,0.980935444524344,0.9733366094514926,0.99095937900056,0.965543819062099,1.0112074173225283,1.0235387339840463,0.9991358538554801
0.365,12.093782383472124,12.558006883919573,12.653229818859346,12.435285944740098,12.53742181704325,12.17932984481045,12.056216778696484,12.337794313518335,1.0195321537164999,0.9818437044964886,0.9744547579166245,0.9915332912159825,0.9671852787035584,1.0123709725501644,1.022708883419158,0.9993682571357348
0.3675,12.101521147009406,12.5463067950903,12.638522692560905,12.428100652554201,12.526711101477469,12.165256892415547,12.066068850875364,12.334984635324254,1.0188801763195743,0.9827593252243003,0.9755887060484921,0.9921065450548922,0.9688399309214649,1.0135420985385981,1.021873830854652,0.9995958944845396
0.37,12.109322847256289,12.534534615618306,12.623642128100105,12.420932999613758,12.515942553157613,12.151126556938596,12.0759991901568,12.332236657754981,1.0182237401320677,0.9836823127550781,0.9767387157271783,0.9926790524015718,0.9705078017625373,1.01472072916229,1.0210335232591137,0.9998186332441508
0.3725,12.117188307641499,12.522690772009259,12.608586058544372,12.413784057084035,12.505116571627703,12.136940204142551,12.086008780644866,12.329608337993331,1.0175627948460861,0.984612670270517,0.9779050515854167,0.9932507238164641,0.972188913238487,1.0159067930310437,1.0201879068419901,1.0000317659730895
0.375,12.12511834986277,12.510775730365303,12.593352427163602,12.406654907691193,12.494233585079769,12.122699256140853,12.096098623455681,12.32732882501437,1.0168972907501186,0.9855503979720028,0.9790879808465015,0.9938214685375288,0.9738832831631676,1.0171002133666012,1.0193369270394967,1.0002166872502183
0.3775,12.13442937155032,12.49878375685904,12.577671432303116,12.399892555220688,12.48329089447282,12.109308189843953,12.107406626747272,12.325676093397846,1.0161170024944233,0.9864959855180776,0.9803086418947925,0.9943634547711253,0.9755914183651129,1.0182249726157884,1.0183848928275838,1.000350804821528
0.38,12.143826132011498,12.486736758765767,12.561813312805109,12.39317423058664,12.47230563346811,12.095840513038713,12.118811446180692,12.324106279257315,1.015330742219517,0.9874477406071895,0.9815461902646804,0.9949024979870995,0.9773107229353616,1.0193586784406488,1.0174265071089843,1.0004782270299475
0.3825,12.153309887802118,12.474635990960698,12.545776566686694,12.386501574620972,12.461278880844276,12.082297812511102,12.130314393904488,12.322620619981112,1.0145384355232494,0.9884055942742135,0.9828008600711369,0.9954384557834521,0.9790410961452547,1.020501248300005,1.0164617007944867,1.0005988482682753
0.385,12.162881920922006,12.462482769890338,12.529559746207642,12.379876246894781,12.45021176146271,12.068681777114392,12.141916806507268,12.321220370928692,1.0137400066994422,0.9893694721720764,0.9840728844229308,0.9959711837259041,0.9807824288457782,1.0216525903749603,1.015490403738554,1.000712561646249
0.3875,12.17254353947491,12.450278474746817,12.513161464015651,12.373299925892557,12.439105447100934,12.054994200360296,12.153620045598734,12.319906800795644,1.012935378708194,0.9903392944189336,0.9853624949584185,0.9965005353339937,0.982534603212419,1.022812603230575,1.0145125447183236,1.0008192593797627
0.39,12.183723306912356,12.439198538829688,12.497569746087633,12.368117951571497,12.429043079915866,12.043206589507987,12.166602121338006,12.319811454615502,1.012005910623779,0.9912214168389692,0.9865918134891714,0.9969180475379721,0.9841261378007738,1.0238137084472059,1.0134300338773654,1.0008270049766614
0.3925,12.195018728514846,12.428137492047718,12.4818860692617,12.36302993814265,12.419000703815794,12.031383898008077,12.17970411263721,12.319818833940138,1.0110685579489547,0.9921036042520037,0.9878314808820647,0.9973283298424485,0.9857183690715896,1.024819763422341,1.0123398635938,1.0008264055013385
0.395,12.206431710901331,12.417097818224699,12.466111719487715,12.35803787755027,12.408980405075615,12.01952890205648,12.192927772774931,12.319930630907768,1.0101232114368288,0.9929856541762228,0.9890814616016205,0.9977312031385498,0.9873109544644961,1.0258305546310054,1.0112419453128503,1.0008173235218525
0.3975,12.217964204131533,12.406082051576139,12.450248089729051,12.35314378422755,12.398984312573562,12.007644504311598,12.206274890247082,12.320148560755044,1.0091697597076428,0.9938673586665119,0.9903417113568804,0.9981264862911173,0.9889035413551683,1.0268458560355158,1.0101361890392764,1.0007996201666216
0.4,12.229618202973915,12.395092776760414,12.43429667867353,12.348349696104085,12.38901459806331,11.99573373866296,12.219747289669119,12.32047436244829,1.008208089194614,0.9947485042723959,0.991612177080155,0.9985139960759392,0.9904957669224029,1.02786542854479,1.0090225033069293,1.0007731550970749
0.4025,12.242910029480875,12.385346309409469,12.41944533754289,12.344932631996942,12.380169234505356,11.984204874566828,12.234558151331973,12.321341450745276,1.0071135024523918,0.9955313070763778,0.9927979603668368,0.9987903836787057,0.9919116482198429,1.0288542401479657,1.007801004947419,1.000702727806817
0.405,12.256354134113158,12.375637468638741,12.404492351411687,12.341643701054947,12.37136140698078,11.972617288481151,12.249516941049004,12.3223401019442,1.006008790630638,0.996312313708737,0.9939947279339321,0.9990565518388809,0.993324539889412,1.0298500071377614,1.006570304718,1.0006216268981727
0.4075,12.26995329964684,12.36596990055638,12.389439612655806,12.338486024630205,12.362594232776301,11.960974959774227,12.264625997142995,12.323472811385747,1.0048938002359704,0.9970912188169921,0.9952023969998539,0.9993122312888904,0.9947339102970773,1.0308524214344428,1.0053302891480127,1.0005296549693543
0.41,12.283710379149127,12.356347348434447,12.374289198116173,12.335462777645008,12.35387091626353,11.949282155498842,12.279887708705106,12.324742113262428,1.0037683744912649,0.997867707365981,0.9964208693196764,0.9995571485445274,0.9961392094846925,1.0318611477699484,1.0040808427962553,1.0004266123127976
0.4125,12.297628298253617,12.346773653772308,12.359043362820996,12.332577190721626,12.3451947454137,11.937543440260523,12.29530451700049,12.326150581685894,1.0026323532441601,0.9986414545011777,0.997650031481533,0.999791025778167,0.9975398696078293,1.0328758225428423,1.002821848206487,1.0003122968755407
0.415,12.313260727910198,12.338577393509498,12.344968313205076,12.33123053114371,12.337768590799381,11.928589706968854,12.312075496162652,12.32793790887174,1.0013594507953414,0.9993048312430238,0.9987874968306671,0.9999002101906533,0.9987410778603144,1.0336511107257413,1.0014558474599131,1.0001672697529387
0.4175,12.329085862007348,12.330463088682476,12.330814600024652,12.33006160081747,12.330419348136086,11.919734281569779,12.329022041942984,12.329883492915846,1.0000741448314079,0.9999624435287509,0.9999339378580346,0.9999950040138108,0.9999319826855206,1.034419032231664,1.0000793216245123,1.0000094491634264
0.42,12.345550335015954,12.323647191452093,12.319108363641423,12.329191539611898,12.324159799274131,11.910984062871265,12.346511374848756,12.332263960330497,0.9987404097351701,1.0005154974375048,1.0008841253796195,1.0000655728630303,1.0009479890888753,1.0351789520426684,0.9986626688019425,0.9998164197313826
0.4225,12.36225813689097,12.316971059464855,12.307480448558975,12.328491292528252,12.318025068620292,11.902346148453645,12.36421631282289,12.334859343688578,0.9973905951053791,1.0010578039415894,1.0018297450509996,1.0001223756772786,1.0019452391125854,1.0359302146158733,0.997232633920566,0.9996060479043027
0.425,12.379187325171586,12.310364942669514,12.295779738158116,12.327957524183763,12.311957349272069,11.893827836796657,12.382118418187012,12.337658163669413,0.9960266111272451,1.0015950020508675,1.0027830900171126,1.0001656783625537,1.002933062645522,1.0366721436688304,0.9957908318732874,0.9993792854715359
0.4275,12.397932016108085,12.304444295856724,12.284456964816078,12.328418969749833,12.306517314985078,11.887565334303588,12.401450679437524,12.341455080533779,0.9945206978050997,1.0020769490704982,1.0037073706484838,1.0001282427417535,1.0038199416877793,1.0372182741591074,0.9942385224693112,0.9990718209109841
0.43,12.41693067683637,12.298660535505057,12.273151031598598,12.32908930125301,12.301203051989056,11.88151045985624,12.421005706214485,12.345477078953177,0.9929990205229592,1.0025482014406746,1.0046319782307769,1.0000738658569774,1.0046874528482634,1.0377468455428338,0.9926732417352522,0.9987463360991077
0.4325,12.436188805927983,12.293019464580917,12.261867369960509,12.329973273914264,12.296019762579052,11.875671143569933,12.44078755936184,12.349728136334107,0.9914613063869401,1.0030082548494803,1.0055564644424717,1.0000021675704514,1.0055346674011831,1.0382571099298301,0.9910948114150159,0.9984025448887359
0.435,12.455712065054751,12.287527027505837,12.250611672994655,12.331233629627965,12.290972784535382,11.870055475831885,12.460800401354687,12.354212290255076,0.9899072759230325,1.0034565923964267,1.0064803561752225,0.9998999589444968,1.0063606318581388,1.0387483045133687,0.9895030497928154,0.998040159122555
0.4375,12.475506286649836,12.282189312892166,12.239389916426479,12.332756722053768,12.28606759284989,11.864671710507054,12.481048499541568,12.358933671906888,0.9883366427536857,1.0038926844302625,1.0074031536042425,0.9997764715451787,1.0071643678281261,1.0392196514869319,0.9878977716057176,0.9976588860596721
0.44,12.497119373525722,12.278546408125676,12.229764017364552,12.336284599095462,12.282716830301691,11.860573276692323,12.502760409363834,12.365221795705805,0.9866273683934113,1.0041905279472065,1.0081960684190738,0.9994905598160468,1.0077139577948757,1.0395787549519353,0.9861822186695312,0.9971515435559727
0.4425,12.51903791244922,12.275106074184453,12.22022692876802,12.340119523025564,12.279551327280693,11.85675933797676,12.524735349997801,12.37178640947857,0.9848999648558269,1.0044719716052792,1.0089828995706749,0.9991799493508404,1.008233574945713,1.0399131540527662,0.9844519389387468,0.9966224433484757
0.445,12.541268786898542,12.2718754736594,12.210786412151446,12.34426879614922,12.276577637386774,11.853241322757336,12.546978349906205,12.378632900581099,0.9831541137911622,1.0047364012505962,1.0097629738024014,0.9988440954758153,1.0087220721795407,1.0402217979252073,0.9827067247702849,0.9960712220023248
0.4475,12.563819094279586,12.268861938091,12.201450560500469,12.34873990715534,12.273802465260788,11.85003091435799,12.569494584907732,12.385766769722792,0.9813894889344559,1.004983189330641,1.0105355866388281,0.998482443771896,1.0091782786180223,1.040503614641246,0.980946363173958,0.9954975117197333
0.45,12.586696154691499,12.266072971719115,12.192227809017743,12.353540540152906,12.2712326948646,11.847140055226122,12.592289350742568,12.393193635434418,0.979605755828481,1.0052116947639458,1.011300001373035,0.9980944296838309,1.009600995401608,1.0407575113084675,0.9791706382027267,0.994900940202069
0.4525,12.611363082234433,12.265251267364112,12.184769562743773,12.360664638262921,12.2704765742276,11.846880203758687,12.616565695946862,12.402276618348177,0.9776897167736938,1.005279038417107,1.0119190138564693,0.9975191756139069,1.0097254247443994,1.0407803394591626,0.9772865530245743,0.9941723104094252
0.455,12.636386748856657,12.26469930868676,12.177448095463284,12.368162772089363,12.269967835520701,11.847009797021418,12.641145357434544,12.411654686854927,0.9757536109850088,1.0053242798432889,1.0125274116005922,0.9969144348443179,1.0098091571653893,1.0407689544664693,0.9753863001621484,0.9934211280514106
0.4575,12.661775343964957,12.264427172890077,12.170274698587447,12.376043475502266,12.269715742536937,11.847542281962053,12.66603430485153,12.421332942685028,0.9737970912488909,1.0053465870183376,1.013124214972,0.9962796288172866,1.0098506525714692,1.0407221773559308,0.9734696514501924,0.9926470900420702
0.46,12.687537321533215,12.264445211610136,12.163261214842157,12.38431551310007,12.269729821703612,11.848491394833598,12.691238668815663,12.431316615200922,0.97181980139468,1.0053451083403109,1.0137083946659289,0.9956141691446236,1.0098483350228835,1.0406388112309688,0.9715363741678514,0.991849888604958
0.4625,12.713681407086943,12.264764046871711,12.15642003271815,12.392987911697553,12.270019869423624,11.849871169002538,12.716764746442275,12.441611066223688,0.9698213762952191,1.0053189733515442,1.0142788721362597,0.9949174555687171,1.0098005925174425,1.0405176414283224,0.9695862309200555,0.9910292111182699
0.465,12.741547305157422,12.266124094927735,12.150283480630556,12.403218969112755,12.271265037343207,11.852554271035464,12.743738678932214,12.452595304217011,0.9677003667371827,1.0052075052052245,1.0147911379727017,0.9940967768693684,1.0095956735451468,1.0402820959977621,0.9675339639837245,0.990155039875463
0.4675,12.76982270041466,12.26784540141749,12.144381161904928,12.413933150690513,12.272841983537296,11.855755712513846,12.771056793920286,12.463946524950984,0.9655576501935004,1.0050664641221618,1.0152843389564659,0.9932387946936991,1.0093362428813315,1.0400011858363094,0.9654643463702821,0.98925328148008
0.47,12.798517102108578,12.269940811655102,12.138729351693234,12.425142570629468,12.274762675584935,11.859493760045693,12.79872598263879,12.475671462251178,0.9633928604094775,1.0048948229878867,1.015757056835614,0.9923427381143807,1.0090203960542539,1.0396733831539613,0.963377137437382,0.9883235573578583
0.4725,12.827640323117675,12.272423495574657,12.133345034396434,12.43685968791293,12.277039409955465,11.863787051028005,12.826753325074217,12.48777700970619,0.9612056223449887,1.004691535004973,1.0162078112050776,0.9914078239527954,1.0086461920904066,1.039297144071007,0.9612720918158498,0.9873654846988732
0.475,12.857930530798969,12.27530695567661,12.128245919897985,12.449097324386962,12.279684820633259,11.868654602332201,12.855733811927733,12.500270227247995,0.9589412518962984,1.004455533741101,1.0166350584770887,0.9904332562206208,1.008211653902873,1.0388709093933142,0.9591051106363178,0.986378676288386
0.4775,12.889942976662224,12.281032498604016,12.126105527853877,12.464029232236946,12.284946674758848,11.877216354690635,12.886236742010492,12.514887821664274,0.956559701026139,1.0039872463004678,1.0168145058343565,0.9892467171137328,1.0073481700528977,1.0381220339672055,0.9568348189508965,0.9852265698023901
0.48,12.92241753837107,12.28722231205336,12.124324834537495,12.479476455554876,12.290636547883436,11.88638891352516,12.917139925869314,12.529926079953466,0.9541558275290223,1.0034814774942808,1.0169638448548175,0.9880222174313779,1.0064156949066116,1.0373209298216777,0.9545456711594923,0.9840441133748324
0.4825,12.955364622950679,12.293891774220686,12.12292450265717,12.49545024321615,12.296768958505835,11.89618858087466,12.94845156399423,12.545392918995418,0.9517292919843541,1.0029370866803162,1.0170813154282567,0.9867591611349921,1.0054121442358812,1.0364664208352221,0.9522374114821606,0.9828309148716032
0.485,12.988794961333335,12.301056647912016,12.121925978341574,12.511962183139296,12.303358816900426,11.906631980434687,12.98018008684831,12.561296452032986,0.9492797474057818,1.0023529159255515,1.0171650958791691,0.9854569426860558,1.0043354058600038,1.035557328072372,0.9499097791788664,0.9815865780322738
0.4875,13.022719622070495,12.30873309136418,12.121351499025176,12.529024218387551,12.310421436150449,11.917736073380949,13.012334162617616,12.577644996629491,0.9468068389573178,1.0017277902183725,1.0172133034003348,0.9841149466296453,1.003183340697229,1.0345924699188354,0.9475625084561803,0.9803107023058883
0.49,13.058193841362797,12.318749846786172,12.122643179905543,12.54830922263081,12.319642871400317,11.931369883863713,13.045917067502987,12.595169525896848,0.9442347195784313,1.0009132544579402,1.0171049182110854,0.9826024989695751,1.0016821075625133,1.0334102554875448,0.9451232854080978,0.9789467283190086
0.4925,13.094178184833508,12.329389486922288,12.124455460502634,12.568153119583073,12.32943793682501,11.945750560025889,13.079946519147045,12.613163493211113,0.9416398513868837,1.0000495168944383,1.0169528883311056,0.9810510647573194,1.0000911762546323,1.0321662032070154,0.9426644047780136,0.97755016072189
0.495,13.130683982003932,12.34236961588014,12.126818607743992,12.588567723594437,12.34124610670317,11.960897593802821,13.11443173689809,12.6316357608642,0.9390219136260305,0.9989977924608396,1.016754715216591,0.9794601157755372,0.9981783067071176,1.0308590892366152,0.94018560982013,0.9761206096680892
0.4975,13.167722906643005,12.356055576447304,12.129763953093054,12.609565220995513,12.353702584612979,11.976830867992447,13.149382199771697,12.650595412020035,0.9363805790429883,0.9978912706983151,1.0165078271664048,0.9778291149539378,0.9961663564713676,1.0294876946915381,0.9376866390129017,0.9746576819842471
0.5,13.205306990052978,12.370359914216193,12.133323872422263,12.631158186813671,12.366736481856679,11.993570688746798,13.184807655729456,12.670051779863792,0.9337155137163936,0.9967373694463157,1.0162095835935576,0.976157516012422,0.994067647931181,1.0280508048840586,0.9351672259429588,0.9731609794678008
0.5025,13.244307297361896,12.386245974396902,12.1387750754624,12.654440594759023,12.381225556492053,12.012704826658322,13.221605564320033,12.69080524734519,0.9309660160524955,0.9954589974627369,1.0157532307295278,0.9743615221605769,0.9917424027147427,1.026413299745578,0.9325645013396762,0.9715695544677381
0.505,13.283867647876951,12.402828449179271,12.144921208815324,12.678381922374262,12.396366340795904,12.0327183750644,13.258897265059838,12.712080202071057,0.928193529688667,0.9941280773593147,1.0152391924165252,0.9725215785021074,0.989321275853541,1.0247061067723202,0.9299415896744527,0.9699435343391862
0.5075,13.324000334795262,12.420123268052876,12.151792902835485,12.702996163997781,12.412174827100857,12.053632781410869,13.296692981711816,12.733886572499543,0.9253977551922258,0.992743770242225,1.014665086756287,0.9706371505444589,0.9868028272334185,1.0229281266155166,0.9272982400179203,0.9682825372913413
0.51,13.365329745246331,12.438146704338758,12.159421410504196,12.728297745737954,12.428667368635544,12.075469960103048,13.335100127082939,12.756234564226936,0.9225361614729655,0.9913052396864691,1.0140285120267685,0.9687076973139378,0.9841856378048993,1.0210782719627403,0.9246274780463306,0.9665861769724545
0.5125,13.40734710509598,12.456915392516537,12.167838566740249,12.754301554305435,12.445860682867231,12.098252327633402,13.374683592624633,12.779134671175413,0.9196450202526275,0.9898116517197523,1.0133270533110954,0.9667326703466403,0.981468312690209,1.0191554669294893,0.9218909677085207,0.964854062287294
0.515,13.450656753693341,12.477920640457693,12.179351897557495,12.782402345775253,12.465115024569497,12.123995221485982,13.415614885019005,12.803726469135857,0.9166838635306319,0.9881454094219766,1.012369139483745,0.9646074084090477,0.9784385883569569,1.0169914928825556,0.9190782610917599,0.963000891164162
0.5175,13.494554844035104,12.499740949365227,12.191591597590843,12.811261878213895,12.485137749085114,12.150587694457103,13.457094162583537,12.82888016336943,0.9137018703103152,0.9864204426273452,1.01135277550115,0.9624344672063646,0.9753028124588292,1.0147657306835243,0.9162453536427394,0.9611127271424755
0.52,13.539053251868136,12.522394286660173,12.204578941048453,12.842099174949487,12.50594693341712,12.178047129044154,13.499132618040743,12.85750807862564,0.9106988332658114,0.9846359823644006,1.010276557639339,0.9601234059967068,0.9720598159810464,1.012477605756135,0.9133920192414235,0.9589727593092029
0.5225,13.584164180000503,12.545898997366542,12.218335727837172,12.875814273149155,12.527561023083699,12.206391399415184,13.541741755086424,12.886941414382868,0.9076745419606335,0.9827912692895214,1.0091390738190655,0.9576093393730148,0.9687084751566869,1.0101265473586842,0.910518028108808,0.9567824981526433
0.525,13.629900169673133,12.570273825384906,12.232884297634415,12.910322369923758,12.549998848475004,12.235638873472702,13.584933399317134,12.917061243635997,0.9046287827870196,0.9808855535907509,1.007938904677155,0.9550497382407976,0.9652477128859611,1.0077119901545863,0.9076231467295808,0.9545514856233084
0.5275,13.676814891251288,12.596963878866072,12.248914397108715,12.947051299174179,12.574558424602936,12.267308788789517,13.629421503623213,12.94883005715692,0.9015256913279706,0.9788072839270455,1.0066198195417566,0.9523403989900359,0.9614809127287299,1.0051104290508912,0.9046605534007603,0.9522095776664481
0.53,13.724369301947684,12.624650296047749,12.265937326483614,12.984487430456287,12.600056379166649,12.300009758917705,13.674512451676208,12.981246384412149,0.8984019395521655,0.9766607162069281,1.0052228110914985,0.9495946656376185,0.9575934712222497,1.0024382290477902,0.9016774852904245,0.9498317522734824
0.5325,13.772576243928997,12.653355218455072,12.283982792356705,13.022644350289697,12.626514348889186,12.334119719336096,13.720218632027006,13.014322410304263,0.8952573419540958,0.9744451006968132,1.0037461146292004,0.9468123115660232,0.9535845367703949,0.9996659899992993,0.8986737260307333,0.947417745716639
0.535,13.821448911053775,12.68310127304023,12.303080595532839,13.061536061864812,12.65395436408576,12.372128494199673,13.766552779226904,13.048070675641355,0.8920917104529481,0.9721597056241442,1.0021880214681302,0.9439931062931682,0.9494533375223723,0.9965948871110234,0.895649055920913,0.9449672910661132
0.5375,13.871447158124292,12.71391160967501,12.32326061180562,13.101176973770881,12.68239887241357,12.411117007133427,13.813527986037357,13.082504093530861,0.8888762549031166,0.9698038163657782,1.0005468835243103,0.9411368173016202,0.9451991821634342,0.993464165466589,0.892603251860285,0.9424801178619187
0.54,13.922660104926491,12.74631610004722,12.348772525528666,13.142336509748393,12.712437317062268,12.451955504494306,13.86223747526846,13.118718948599465,0.8856066230933173,0.9673383198110334,0.9984798063540439,0.9381893387720031,0.9407376035917416,0.9902059154925273,0.8894667994252647,0.9398783561344861
0.5425,13.97455633223589,12.779656063931535,12.376458843213642,13.18438502272098,12.743382016779531,12.493748468766672,13.911854884550163,13.15568304970392,0.8823178143808186,0.9648146975409913,0.9962461925658875,0.935197203263664,0.936174372614185,0.9868935676769842,0.8862944662895459,0.9372375385919242
0.545,14.027148985016805,12.813949319112226,12.405258841022583,13.2273393403501,12.775251256134332,12.536512355400752,13.962147548823397,13.193410577619908,0.8790096984904326,0.9622326179805935,0.9939333115102997,0.9321602540570832,0.9315094230103284,0.9835271286346409,0.8831019695848337,0.9345574389169302
0.5475,14.080451544971956,12.851254021450725,12.435192392178317,13.271216811831346,12.808063738973374,12.580264133283814,14.013129242280986,13.231916132012456,0.8756821441854233,0.9594394429850447,0.991540750728997,0.9290783335713235,0.9267427407454243,0.9801066074104369,0.879889123037374,0.9318378288515283
0.55,14.134477860513876,12.89130544049066,12.466279415610234,13.316035329955634,12.84294916879481,12.62502130855902,14.064814120277044,13.27121474623229,0.8723350180798067,0.9564586035850456,0.9890681564990764,0.9259512831317398,0.9217149376268168,0.9766320150003222,0.8766557378262122,0.9290784781777793
0.5525,14.189585769076468,12.93377974244895,12.500349985269024,13.363527993225377,12.882262559670437,12.671902291033133,14.117750648092258,13.31173734855901,0.868947141985703,0.9533176105924139,0.9863723827357016,0.9226605434022122,0.9160978422885027,0.9730188662143433,0.8733685915940271,0.9262502464664927
0.555,14.245437412119646,12.977133573757815,12.5355607952747,13.412413510313058,12.922449347019793,12.719835551519248,14.171413457957474,13.354122601281409,0.8655402879738854,0.9501327800873961,0.9836017870574896,0.919297633533236,0.9104088612426331,0.9693521547554372,0.870061411769516,0.9233103789849032
0.5575,14.302047206195272,13.021382642580434,12.57192987345449,13.462150771753596,12.963525620679425,12.768839581703094,14.225817410201493,13.398211422848224,0.8621143408517743,0.9469040530058932,0.9807563456136259,0.9159011965510679,0.9046485522423016,0.9656319919366891,0.8667340262049208,0.9202720878828212
0.56,14.359639262198861,13.06654311635625,12.609475392364105,13.51275561501962,13.005507906522947,12.818933491256626,14.280977777807532,13.443140080922749,0.8586566678216073,0.9436313713736365,0.9778360809099681,0.9124711754791915,0.8988174974015616,0.9618584891176701,0.863386260509464,0.9171964232893463
0.5625,14.418212219509712,13.112631639457042,12.648215699538637,13.564244338179652,13.048413183594857,12.872452990551647,14.336987739396017,13.48892466412854,0.855168436438736,0.9403146781686418,0.974841060027918,0.9090075121467998,0.8929163029976728,0.9578593923823372,0.8600132903872757,0.9140832428836598
0.565,14.477843931269478,13.160381034036156,12.688765090929582,13.617142080211014,13.092924375520179,12.928030545809865,14.39478217897989,13.53622880892672,0.8516461469355578,0.9369029641399762,0.9717257677671058,0.9054763420525999,0.8868554400610557,0.9537415584151991,0.8565603735223581,0.9108888578973156
0.5675,14.53827458423041,13.209081716173406,12.73065029476167,13.670915289748981,13.1383851797554,12.984467335157934,14.453362256685137,13.584353572908398,0.8481061441344825,0.933448688178146,0.9685286858498872,0.9019147393331846,0.8807287495660221,0.949596135269574,0.8530886987418436,0.9076618871721664
0.57,14.599519340926035,13.258750877808215,12.773888540133015,13.725580452132109,13.184813072228115,13.04177975192169,14.512743678112502,13.633315218361952,0.8445483520430693,0.9299518569760059,0.9652503199211103,0.898322664240016,0.8745370219342484,0.9454231120705124,0.8495981375730888,0.9044021796982593
0.5725,14.661593765074658,13.309406217571814,12.81849718187,13.781154519062039,13.232226007972464,13.099984652767017,14.572942582264165,13.683130487086038,0.8409726935260791,0.9264124783960122,0.9618912283601455,0.8947000763212685,0.8682810705534846,0.9412224767298197,0.8460885596987178,0.9011095824626458
0.575,14.72451382574797,13.362407570210907,12.867223570187175,13.837986735415145,13.28064243993731,13.159099358220722,14.63397554780278,13.733816617822821,0.8373790908083625,0.9227379074626885,0.9582486798914492,0.8910255686576284,0.8619617314216185,0.9369942170318238,0.8425598334316807,0.8977839404087394
0.5775,14.788491765476653,13.417712119294444,12.918818102876205,13.898315500371636,13.33045706104079,13.219841319635977,14.696218321601837,13.785873268749526,0.8337564232739448,0.9189346060174943,0.9544216740117183,0.8871578717341897,0.8555316339777088,0.9326889560834395,0.8389913466293738,0.894393830527242
0.58,14.853441608646046,13.47404601380872,12.971448671314755,13.959524677069796,13.383178338809158,13.281649966999213,14.75931915293447,13.839371678567169,0.8301106453889329,0.9150926148956104,0.9505491878687948,0.8832678966679655,0.848804401073021,0.9283485132220946,0.8354043890668582,0.8909364013320987
0.5825,14.91945935920561,13.531427321790526,13.025133335374298,14.021631364348641,13.436946156088581,13.345036819809946,14.823295385816682,13.896417834432453,0.8264374534719409,0.9112120773943935,0.9466313843032669,0.8793555956227904,0.8420250259570385,0.9239390019289282,0.831798846280677,0.8872790201694142
0.585,14.986373351608073,13.589874646423667,13.079890675392006,14.084653111046899,13.4917788935673,13.411100653822416,14.888625280227144,13.954393912687568,0.8227474193198957,0.9072931370448499,0.9426684294232809,0.8754209211108872,0.8351946864806425,0.9193876265842295,0.8281489907852587,0.8835926574202092
0.5875,15.054200741235826,13.649407145735287,13.135739818389744,14.148607954472373,13.547695440671232,13.478159938955592,14.954917541459622,14.013318632388888,0.8190404932110535,0.9033359374771429,0.9386604919456666,0.8714638245455439,0.8283145751993206,0.9148133021008977,0.8244779662487243,0.8798772313291838
0.59,15.123110459620587,13.710259031818136,13.193202256029046,14.213794193075598,13.605016208101201,13.546481501105232,15.022430520519597,14.073518982516543,0.8153084666624419,0.8993265533047264,0.934572195644573,0.8674671824083882,0.8213495550010032,0.9101994491332689,0.8207726428262109,0.8761135019121723
0.5925,15.192963097353552,13.772122233555384,13.251868232654775,14.280004339910471,13.66336924147995,13.615872735425627,15.09088103913231,14.134752274710557,0.8115599255386693,0.8952868549161076,0.9304348476403392,0.8634451157370798,0.8143489547767443,0.9055607554203956,0.8170497115461289,0.8723180824371742
0.595,15.263776842743434,13.83524766267781,13.31175610278225,14.347479418767408,13.722774477748285,13.686353568135376,15.16028804849195,14.197038562477863,0.8077948287000681,0.8912019719937221,0.9262489415219187,0.8593844005708473,0.8073136599591128,0.9008973747913949,0.8133090849303825,0.8684909846330654
0.5975,15.335587983468438,13.902138796104982,13.374594813066256,14.416608470979336,13.783252414826114,13.757944497581764,15.230671019962783,14.260398493578059,0.8040122108973962,0.8869138900738457,0.9218970871516987,0.8552635680451692,0.8002445666541675,0.8962094593539933,0.8095506746773741,0.8646322194679634
0.6,15.408607474751873,13.970143930447584,13.439314051175622,14.486730934364045,13.845401397712937,13.830677032782873,15.302049962609487,14.324853331403181,0.8002020961468194,0.8825964901569172,0.9174575393542066,0.851123697669565,0.7930764447550619,0.8914964878996295,0.8057743916748616,0.8607417971233233
0.6025,15.482764518578982,14.039677123568325,13.505588940088606,14.558160720123222,13.910934021364124,13.905809874160518,15.374955159881104,14.391660581233168,0.7963694071045431,0.8782253246623243,0.9129553738601425,0.8469476492972553,0.7856218823947047,0.8866797483626858,0.80195355835401,0.8567461642389211
0.605,15.557951804677659,14.110283761655246,13.573071932564629,14.630680309019626,13.977558109344937,13.982017363862678,15.44905312816982,14.459676248028702,0.7925207736080566,0.8738307611861659,0.9084163158686104,0.8427496014931523,0.7781503915384743,0.8818469952603254,0.7981071653846191,0.8527161873130428
0.6075,15.634189509973265,14.1819847991726,13.641783360244197,14.70431081331528,14.045294689802814,14.059320377525378,15.524196874180612,14.528841879973637,0.7886561687214116,0.8694128624872981,0.9038407717229195,0.8385296092105686,0.7706628810674576,0.876998295003662,0.7942439856909372,0.8486567685064773
0.61,15.711498333584178,14.254801780769801,13.711744189540195,14.779073940929651,14.114165373589636,14.137740357874277,15.600407785060245,14.59918022066595,0.7847755661625191,0.8649716909170618,0.8992291447068974,0.8342877266384664,0.7631602644171024,0.8721337135840508,0.7903639552171093,0.8445679698197164
0.6125,15.789899541874073,14.32875686172464,13.782976059464383,14.855429056177938,14.184192378904498,14.217299333844203,15.67770783948923,14.67071468512898,0.7808789389255719,0.8605073084139091,0.894581833909037,0.8299995882564101,0.7556434589508223,0.8672533165738799,0.7864670094784533,0.8404498529644467
0.615,15.869603700507948,14.405186991041766,13.856749511347461,14.933882150560118,14.255669427603198,14.297969453955092,15.756314047485853,14.743608410537956,0.776957020017163,0.855941683205343,0.8898190726405794,0.8256392996604399,0.748084955961979,0.8623602141344122,0.7825434275326232,0.8362945933362665
0.6175,15.950532817898406,14.48277233215269,13.933604994817372,15.013496509526696,14.328361011595655,14.380137385227668,15.836075756035447,14.817622834975,0.7730149293924693,0.8513563368407444,0.8849109763471954,0.8212610561554462,0.7405137425361559,0.8574326982902318,0.7786019838469633,0.8321172793585146
0.62,16.032616396879586,14.561518550019326,14.011705796713764,15.094295407397254,14.403062917741991,14.463741528688567,15.917317206791312,14.89460050167844,0.7690572577037255,0.8467523464428534,0.8799785107457663,0.8168648928096003,0.7328522701467104,0.8524765169194755,0.7746280255531541,0.8278167647806706
0.6225,16.11587772739262,14.641449321374376,14.091075678021515,15.176302769070608,14.47899300484442,14.548576827266437,15.999734513278952,14.973179979149887,0.765083987888686,0.8421297461310747,0.8750219132831467,0.8124508444262598,0.7251860422853792,0.8475055771016408,0.7706377871312012,0.823472369741731
0.625,16.20034074065486,14.722588995018072,14.171739114963975,15.259543191911037,14.556157659548205,14.634667981671795,16.083352314979614,15.053032129508662,0.7610951027133512,0.8374885697191105,0.8700414183451007,0.8080189455825936,0.7175177539218188,0.8425199680267347,0.7666312195695768,0.8191040777644614
0.6275,16.28610394910213,14.805303242685008,14.253861753690927,15.34421054972551,14.634805584233396,14.722174380154712,16.168350219404,15.134380907626047,0.7570871485613824,0.8328096897368175,0.8650287348835302,0.8035604021492373,0.7098265481634751,0.8375121555835305,0.7626009971754872,0.814701313205818
0.63,16.373186397279113,14.890490984384671,14.337342865181094,15.4309968744647,14.714804038174508,14.810954454719043,16.254593425643147,15.21687845526109,0.7530605039742901,0.8280452278524728,0.8599919884697729,0.7990410535565432,0.7021294469814158,0.8324919260062563,0.7585548083010349,0.8102844506678057
0.6325,16.46161415621467,14.97736804897237,14.423082419387157,15.519087285472013,14.796179139328602,14.901391731221834,16.342148148179213,15.300550620490757,0.7490152474109057,0.8232421050002832,0.8548796742245828,0.7945054869008027,0.6944276290818728,0.8274394917198117,0.7544907736853289,0.8058533516752955
0.635,16.55133955376807,15.065461010876128,14.510233148177415,15.608508830599074,14.879614554332102,14.993235943180498,16.431248894899916,15.386647119480553,0.744954809243398,0.8184283236403234,0.8497451332509246,0.7899537447054613,0.6866616466666697,0.8223708375381207,0.7503994418724372,0.8013441722719027
0.6375,16.64238963485101,15.15479673026249,14.598822471296687,15.69928933324877,14.96482281298937,15.086415986507687,16.521671759098975,15.474753021132257,0.7408791808466983,0.813603786277009,0.8445886662600693,0.7853858692754254,0.6788643381475225,0.8172915297461738,0.7462925168701225,0.7967816987555281
0.64,16.734851855207545,15.24555783905018,14.688948479633982,15.791549751569223,15.05142655157979,15.180901698251258,16.613566283162715,15.564524691664733,0.736785727575064,0.8087601733022697,0.8394065795176128,0.7807973374351529,0.6710746381365137,0.8122047191320879,0.7421645533443374,0.792186092685701
0.6425,16.828694174395643,15.337824634000155,14.780495191864935,15.885656392075811,15.139428625959933,15.276800079601403,16.706837785001063,15.655701839776523,0.7326771686634919,0.8038949651743602,0.8342075038721525,0.7761718934164112,0.6632957024573719,0.8071061960458482,0.7380211718503386,0.7875724848484982
0.645,16.92406114183886,15.432962812484648,14.874066145375389,15.981459644260562,15.228858922788763,15.374442477941082,16.801516143274753,15.748315089936254,0.7285485378871835,0.7989392671914899,0.8289596052276275,0.7715190148121474,0.6555282709612811,0.8019803005989202,0.7338623428300192,0.7829409006350982
0.6475,17.02086487787702,15.529549553868438,14.969748145572684,16.07865575828267,15.319748212071316,15.473909822207935,16.89779145418874,15.842555006592022,0.7244050222163503,0.793970227998569,0.8236611518174811,0.7668551516595777,0.6477730836461246,0.7968251167073598,0.729681155873394,0.7782835530550177
0.65,17.11913452418394,15.62761633189317,15.066904142056389,16.177275259018813,15.413214621789217,15.574861878523166,16.9955955749133,15.939289256566816,0.7202466913605705,0.7889878877328639,0.8183499333206187,0.7621802684680189,0.6399406551645718,0.7916603110941456,0.7254820783215123,0.773560213478162
0.6525,17.218949359380197,15.727306549727182,15.165733336790435,16.277468177641698,15.508464874959973,15.67733419989906,17.094986320002466,16.03762481901351,0.7160715641040611,0.7839867532952668,0.8130170646010733,0.7574888100187571,0.6321039899638431,0.7864857534311789,0.7212641045271233,0.7688170872648231
0.655,17.32029528665653,15.828518139387018,15.266087992951697,16.379456416257018,15.605253821159357,15.78130976208075,17.195904551312044,16.137446912492624,0.7118816276474784,0.7789737416618013,0.8076725357336287,0.752772234111638,0.6242872702396626,0.7813039719698336,0.717031195608679,0.7640613826252075
0.6575,17.423302278178873,15.932096536486565,15.36856481121433,16.483306717241607,15.703615411002176,15.886908304264258,17.29838430797084,16.238789389630586,0.7076729659590548,0.7739094457382116,0.8022870158313603,0.7480295192895225,0.6164911576851624,0.7761107299077482,0.7127833316963896,0.7592930546825999
0.66,17.5279193936075,16.037246374707806,15.473588287986384,16.588739612020444,15.803584609436557,15.994187581655991,17.40261101421421,16.341806699991533,0.7034491500740696,0.7688352296841637,0.7968416743757458,0.7432752751791645,0.6087163141108918,0.7709050514163963,0.708514371201484,0.7545065381299845
0.6625,17.63417218456549,16.143990887860898,15.580240152021489,16.69579059262755,15.905645824881093,16.103119522308198,17.508537791169577,16.447366027785083,0.6992105935538031,0.7637516699338116,0.7913870312454857,0.738509502236128,0.6009295187026725,0.7656901498444965,0.704227854265399,0.7496641090841244
0.665,17.742133941526063,16.252482029397786,15.688620299601574,16.804566702137276,16.009606024799858,16.213793052921847,17.616214505119448,16.554738054201152,0.6949558627297485,0.7586533538506469,0.7859199703056826,0.7337291236692116,0.593150449581642,0.7604636348666138,0.6999233573374563,0.7448018784489903
0.6675,17.851818871021813,16.362889819643655,15.798722930423587,16.915275721915442,16.11527446193431,16.326181854677234,17.725593936105483,16.663768717848352,0.6906859233271084,0.7535343778455216,0.7804428278349087,0.7289269298770722,0.5853973340461938,0.7552286327416852,0.69560433599265,0.7399286565225482
0.67,17.96331585402341,16.475548459230556,15.911093773254926,17.02780121788594,16.222690231631297,16.4406470882007,17.83672532823017,16.774496676724446,0.6863988864972463,0.7483817628597377,0.7749310120166338,0.7241099330575114,0.5776707823166265,0.7499704807147844,0.6912703858530197,0.73504440923754
0.6725,18.0765974414924,16.58995165483429,16.025439649144833,17.142108870251647,16.331903064008056,16.55688362023869,17.94979665539915,16.887287053061947,0.6820973936000889,0.7432209723412336,0.7694016682193157,0.7192813960829194,0.5699707462468138,0.7447053613959174,0.6869158596451975,0.7301350395275222
0.675,18.19170475315911,16.706140235260726,16.141599755875234,17.258240116602206,16.443470826791863,16.674920536031173,18.064689960673057,17.002211685803378,0.67778144859452,0.7380519872553059,0.7638648081031817,0.7144413287041184,0.5622625642366337,0.7394338085964086,0.6825470033995871,0.7251997697626237
0.6775,18.30871154701849,16.82424811304528,16.25956615954352,17.37636286660198,16.5568945989674,16.79483775052897,18.181511264883476,17.119088421002637,0.6734499021591663,0.7328707896574288,0.7583228161818407,0.7095846291112348,0.5545853398099361,0.7341541599359395,0.6781614476578012,0.7202486310470176
0.68,18.427693398856217,16.944661910683482,16.379689982469277,17.496584435730632,16.672273050303303,16.916929096050897,18.30024235156919,17.23782127737148,0.6691016468054166,0.7276627922700557,0.7527614999549109,0.7047089702159411,0.5469360181351729,0.728855688286731,0.6737615690069121,0.715287610980507
0.6825,18.548645509074685,17.06700407748471,16.502242090915733,17.618766049014134,16.78965149844121,17.041061089235274,18.421044585913073,17.358603370164502,0.6647385650864753,0.7224466546103481,0.7471711984389988,0.6998219946674376,0.5393153606877225,0.7235464936974364,0.6693431494883296,0.7103106014388503
0.685,18.67160047965365,17.191300900896625,16.626841825400167,17.742954448332515,16.90921996966378,17.167169621249563,18.54388512111559,17.481856853710546,0.6603611732928807,0.7172232090566758,0.7415719791815153,0.6949237251273434,0.5317151142253816,0.7182313842077903,0.6649092096650259,0.7053026519538709
0.6875,18.79660628726715,17.31759995587927,16.75353830708149,17.86932388190683,17.030900062528676,17.29530231899094,18.668773712590156,17.6071712854405,0.6559694772323001,0.7119924257064273,0.7359639363338715,0.6900093188463865,0.5241444024778427,0.712910348289267,0.6604611631070706,0.7002828449903118
0.69,18.923784117065594,17.446503734823782,16.882503703006268,17.998082274451694,17.154723223042602,17.425606780038603,18.795810400500244,17.73465962843333,0.651561015689284,0.7067318579933538,0.7303419099978871,0.6850729878872959,0.516605139214571,0.7075793776159504,0.6559972534981433,0.6952487534765969
0.6925,19.053130147350775,17.577568736754102,17.013725357425617,18.128974570818855,17.280689545847405,17.558068932540852,18.925091317768047,17.86444488324509,0.6471377618608464,0.7014621979101346,0.7247090064621613,0.6801267193483119,0.5091010786413361,0.7022412343505766,0.6515160108328688,0.6901977688410683
0.695,19.184680214861896,17.710798991059722,17.147129597540193,18.262053483224303,17.40906275065945,17.692720665724053,19.056608924463756,17.996937027837305,0.6427003141000105,0.6961854180731254,0.7190707884874664,0.6751705119759098,0.5016206098055903,0.6968967765306326,0.6470196270949061,0.6851165829456535
0.6975,19.31848885119835,17.846312575656704,17.282770925614578,18.397356054866417,17.53980919698355,17.82961644287512,19.190383286528427,18.13166455081823,0.6382486795407475,0.6908990273328934,0.7134272654002409,0.6702049991981593,0.4941700535441069,0.6915460037799738,0.6425093139570387,0.6800258170143338
0.7,19.454668084546316,17.984584132531133,17.420980911017274,18.53494404569945,17.672849914037474,17.96891249567783,19.32647109170517,18.268684026300836,0.6337810517463544,0.6855871622684381,0.7077672642533196,0.6652299553534856,0.48675786181289804,0.686185099012854,0.6379850693638518,0.6749254616396505
