r,h0,h1,h2
0.0,10.243661709557747,11.42013229779304,12.596602886028336
0.0125,10.243661709557747,11.42013229779304,12.596602886028336
0.025,10.243661709557747,11.42013229779304,12.596602886028336
0.0375,10.243661709557747,11.42013229779304,12.596602886028336
0.05,10.243661709557747,11.42013229779304,12.596602886028336
0.0625,10.243661709557747,11.42013229779304,12.596602886028336
0.075,10.243661709557747,11.42013229779304,12.596602886028336
0.0875,10.243661709557747,11.42013229779304,12.596602886028336
0.1,10.243661709557747,11.42013229779304,12.596602886028336
0.1125,10.243661709557747,11.42013229779304,12.596602886028336
0.125,10.243661709557747,11.42013229779304,12.596602886028336
0.1375,10.243661709557747,11.42013229779304,12.596602886028336
0.15,10.243661709557747,11.42013229779304,12.596602886028336
0.1625,10.243661709557747,11.42013229779304,12.596602886028336
0.175,10.243661709557747,11.42013229779304,12.596602886028336
0.1875,10.243661709557747,11.42013229779304,12.596602886028336
0.2,10.243661709557747,11.42013229779304,12.596602886028336
0.2125,10.243661709557747,11.42013229779304,12.596602886028336
0.225,10.243661709557747,11.42013229779304,12.596602886028336
0.2375,10.243661709557747,11.42013229779304,12.596602886028336
0.25,10.243661709557747,11.42013229779304,12.596602886028336
0.2625,10.243661709557747,11.42013229779304,12.596602886028336
0.275,10.243661709557747,11.42013229779304,12.596602886028336
0.2875,10.243661709557747,11.42013229779304,12.596602886028336
0.3,10.243661709557747,11.42013229779304,12.596602886028336
0.3125,10.243661709557747,11.42013229779304,12.596602886028336
0.325,10.243661709557747,11.42013229779304,12.596602886028336
0.3375,10.243661709557747,11.42013229779304,12.596602886028336
0.35,10.243661709557747,11.42013229779304,12.596602886028336
0.3625,10.243661709557747,11.42013229779304,12.596602886028336
0.375,10.243661709557747,11.42013229779304,12.596602886028336
0.3875,10.243661709557747,11.42013229779304,12.596602886028336
0.4,10.243661709557747,11.42013229779304,12.596602886028336
0.4125,10.243661709557747,11.42013229779304,12.675844806007508
0.425,10.243661709557747,11.42013229779304,12.951406649616368
0.4375,10.243661709557747,11.42013229779304,13.23921568627451
0.45,10.243661709557747,11.42013229779304,13.540106951871655
0.4625,10.243661709557747,11.666210670314637,13.854993160054718
0.475,10.243661709557747,11.943977591036417,14.184873949579831
0.4875,10.243661709557747,12.235294117647062,14.53084648493544
0.5,10.243661709557747,12.541176470588237,14.894117647058822
0.5125,10.449472096530918,12.862745098039213,15.276018099547509
0.525,10.724458204334365,13.201238390092879,15.678018575851391
0.5375,11.014308426073132,13.558028616852146,16.101748807631157
0.55,11.320261437908497,13.934640522875819,16.54901960784314
0.5625,11.643697478991596,14.332773109243696,17.021848739495795
0.575,11.986159169550172,14.754325259515571,17.52249134948097
0.5875,12.349376114081997,15.201426024955438,18.053475935828878
0.6,12.735294117647058,15.676470588235292,18.61764705882353
0.6125,13.146110056925997,16.18216318785579,19.21821631878558
0.625,13.584313725490196,16.72156862745098,19.858823529411765
0.6375,14.052738336713993,17.298174442190668,20.54361054766734
0.65,14.554621848739496,17.915966386554622,21.277310924369747
0.6625,15.09368191721133,18.579520697167755,22.065359477124183
0.675,15.674208144796383,19.29411764705883,22.91402714932127
0.6875,16.301176470588235,20.065882352941177,23.830588235294115
0.7,16.980392156862745,20.901960784313726,24.823529411764703
