year,el_rel_apy,el_rel_p,el_lock_apy,el_lock_p,rec_rel_apy,rec_rel_p,rec_lock_apy,rec_lock_p
1,5.2511,42.107,5.2521,41.995,3.4299,12.933,3.4307,13.052
2,5.4912,30.967,5.4994,30.771,3.9061,4.542,3.5851,4.626
3,5.6022,25.693,5.5986,25.514,4.9989,2.073,3.6326,1.968
4,5.6984,22.287,5.6683,22.353,5.6564,1.081,3.6507,0.948
5,5.7777,20.039,5.7128,19.955,5.9259,0.731,3.6591,0.505
6,5.8463,18.271,5.7488,18.087,6.0314,0.552,3.6635,0.244
7,5.9041,16.955,5.7737,16.901,6.0733,0.498,3.6660,0.127
8,5.9461,16.080,5.7938,15.835,6.0935,0.495,3.6669,0.083
9,5.9852,15.328,5.8107,14.922,6.1000,0.456,3.6673,0.048
10,6.0066,14.870,5.8245,14.204,6.1031,0.472,3.6677,0.025
11,6.0270,14.516,5.8379,13.666,6.1067,0.468,3.6678,0.018
12,6.0444,14.087,5.8511,13.028,6.1037,0.456,3.6681,0.008
13,6.0574,13.747,5.8613,12.427,6.1102,0.473,3.6681,0.003
14,6.0665,13.649,5.8717,12.031,6.1069,0.485,3.6681,0.003
15,6.0705,13.432,5.8759,11.723,6.0999,0.475,3.6681,0.002
16,6.0829,13.227,5.8853,11.274,6.1028,0.477,3.6682,0.001
17,6.0922,13.150,5.8892,10.884,6.1114,0.492,3.6682,0.001
18,6.0898,13.069,5.8960,10.688,6.1068,0.474,3.6682,0.001
19,6.0903,13.084,5.9024,10.322,6.1019,0.494,3.6682,0.001
20,6.0951,13.019,5.9064,10.129,6.0959,0.497,3.6682,0.001
21,6.0960,12.974,5.9130,9.870,6.0964,0.467,3.6682,0.001
22,6.0987,13.024,5.9182,9.560,6.0980,0.483,3.6682,0.000
23,6.0998,12.909,5.9178,9.386,6.1077,0.439,3.6682,0.000
24,6.1003,12.935,5.9217,9.231,6.1099,0.471,3.6682,0.000
25,6.0966,12.880,5.9258,9.132,6.1039,0.478,3.6682,0.000
26,6.0996,12.830,5.9281,8.896,6.0997,0.470,3.6682,0.000
27,6.1039,12.840,5.9318,8.752,6.1012,0.483,3.6682,0.000
28,6.1041,12.793,5.9365,8.529,6.1032,0.462,3.6682,0.000
29,6.1042,12.895,5.9420,8.346,6.1016,0.468,3.6682,0.000
30,6.1083,12.706,5.9440,8.279,6.1058,0.477,3.6682,0.000
