reserve_share_case,reserve_share,n_loans,year,mean_return,p_lender_loss,reserve_coverage_of_losses
expected loss,0.417628,100,1,0.04619677209534109,0.710405,0.6407397686268256
expected loss,0.417628,100,2,0.05149444025567256,0.44202,0.7934259820815377
expected loss,0.417628,100,3,0.0533722225905409,0.34902,0.8360775383906567
expected loss,0.417628,100,4,0.0543559213384066,0.295945,0.8585896782201802
expected loss,0.417628,100,5,0.05506408313759607,0.264415,0.8748284815422056
expected loss,0.417628,100,6,0.0555262188281001,0.24138,0.8856355386847091
expected loss,0.417628,100,7,0.05591034491818251,0.223495,0.8941737622571427
expected loss,0.417628,100,8,0.056261389807130954,0.20732,0.9019126105532871
expected loss,0.417628,100,9,0.05649888903622944,0.194245,0.9077946605035493
expected loss,0.417628,100,10,0.05667640263760968,0.18599,0.9121384267993414
expected loss,0.417628,100,11,0.05686795568024933,0.17798,0.9160427651697062
expected loss,0.417628,100,12,0.05701490979450109,0.169465,0.9198336035108106
expected loss,0.417628,100,13,0.057186197363561085,0.16249,0.9234404748548075
expected loss,0.417628,100,14,0.05731084589000959,0.15601,0.9263527371912561
expected loss,0.417628,100,15,0.05740503314755117,0.151215,0.928458658466383
expected loss,0.417628,100,16,0.05748735971436065,0.14672,0.9302674033594033
expected loss,0.417628,100,17,0.057596952732639366,0.14266,0.933056435225039
expected loss,0.417628,100,18,0.05769471206409738,0.137385,0.9351979279863104
expected loss,0.417628,100,19,0.05778002112374204,0.133335,0.9370751360579597
expected loss,0.417628,100,20,0.05781904258714276,0.13053,0.9380454445556696
expected loss,0.417628,100,21,0.057870319572539554,0.12706,0.939206331285092
expected loss,0.417628,100,22,0.05796224377519453,0.12515,0.9414326662868051
expected loss,0.417628,100,23,0.05802970722041824,0.121315,0.9429001165657619
expected loss,0.417628,100,24,0.05807274398906379,0.118985,0.9438759045384743
expected loss,0.417628,100,25,0.05810639604670174,0.11655,0.9445897597625309
expected loss,0.417628,100,26,0.05814885997764447,0.114975,0.9456835374638053
expected loss,0.417628,100,27,0.05818211413068766,0.112715,0.9464746757367989
expected loss,0.417628,100,28,0.058282088266434114,0.109435,0.9483960659922884
expected loss,0.417628,100,29,0.05829462320491021,0.107915,0.9490196056072648
expected loss,0.417628,100,30,0.05830813769290657,0.10729,0.9492684786229617
expected loss,0.417628,500,1,0.05100014949661517,0.613195,0.7613380219476088
expected loss,0.417628,500,2,0.053628429066134624,0.453215,0.8421605585711058
expected loss,0.417628,500,3,0.054889079004270806,0.366075,0.8707605731912922
expected loss,0.417628,500,4,0.055637198285773064,0.31615,0.8879644055040457
expected loss,0.417628,500,5,0.05615733183577859,0.281695,0.8998792990977899
expected loss,0.417628,500,6,0.056553573150429075,0.25609,0.9089956282225332
expected loss,0.417628,500,7,0.05687693201633809,0.236045,0.9163625951413097
expected loss,0.417628,500,8,0.057108574488468705,0.21967,0.9217253853065512
expected loss,0.417628,500,9,0.0572561007860541,0.208415,0.9252105799039608
expected loss,0.417628,500,10,0.05744539931947771,0.197485,0.9295880489653826
expected loss,0.417628,500,11,0.057576438089158403,0.18859,0.932486245178817
expected loss,0.417628,500,12,0.05773430359305495,0.18048,0.9359809678851008
expected loss,0.417628,500,13,0.057866453674551975,0.171485,0.9390988569321682
expected loss,0.417628,500,14,0.057934633651082895,0.167075,0.9407469038755024
expected loss,0.417628,500,15,0.058007760946130374,0.161275,0.9424010558096292
expected loss,0.417628,500,16,0.058090014529322546,0.15627,0.9442583571939397
expected loss,0.417628,500,17,0.05815925278832995,0.152265,0.9459450931468536
expected loss,0.417628,500,18,0.05823864138439136,0.147335,0.9476238239940862
expected loss,0.417628,500,19,0.05826954093328004,0.1438,0.948428617946801
expected loss,0.417628,500,20,0.05831508178061494,0.14038,0.949537661489113
expected loss,0.417628,500,21,0.05836721535061262,0.13764,0.9506790447514601
expected loss,0.417628,500,22,0.058404997443093236,0.13522,0.9515022163987988
expected loss,0.417628,500,23,0.05847003285308301,0.131235,0.9529780166049793
expected loss,0.417628,500,24,0.05851852304671431,0.128105,0.95412302321669
expected loss,0.417628,500,25,0.05857419984551278,0.124785,0.9554285080069703
expected loss,0.417628,500,26,0.05863979439045129,0.12259,0.9568495659683433
expected loss,0.417628,500,27,0.058647270208722686,0.120675,0.9571217229086139
expected loss,0.417628,500,28,0.05866025327627284,0.1189,0.9574035285770469
expected loss,0.417628,500,29,0.05872556605992812,0.11644,0.9588364774168661
expected loss,0.417628,500,30,0.058735512427978136,0.11503,0.9591380685249353
expected loss,0.417628,5000,1,0.05252555495361492,0.51184,0.7990249614790382
expected loss,0.417628,5000,2,0.054218428302886985,0.501025,0.8554266835562222
expected loss,0.417628,5000,3,0.055323589684678084,0.40782,0.8809456227015213
expected loss,0.417628,5000,4,0.05591230024510276,0.352175,0.8946495322316768
expected loss,0.417628,5000,5,0.0564657853642466,0.313115,0.9070253720185024
expected loss,0.417628,5000,6,0.05682366721983128,0.28419,0.9151858397723182
expected loss,0.417628,5000,7,0.057082878291977814,0.261895,0.9212086251242517
expected loss,0.417628,5000,8,0.05736866640417721,0.243155,0.9275200996275539
expected loss,0.417628,5000,9,0.057502922419182395,0.230235,0.9308601877572663
expected loss,0.417628,5000,10,0.05762796220372429,0.219475,0.9336190864974148
expected loss,0.417628,5000,11,0.05776015474318223,0.208845,0.9368182581406662
expected loss,0.417628,5000,12,0.05790519431989874,0.19928,0.9399456667458657
expected loss,0.417628,5000,13,0.05799317702646736,0.191605,0.9420574448569095
expected loss,0.417628,5000,14,0.058080835167105625,0.18514,0.9441177473589027
expected loss,0.417628,5000,15,0.058160895798401245,0.17906,0.9459952098451669
expected loss,0.417628,5000,16,0.05820920723953471,0.172825,0.9470732521344802
expected loss,0.417628,5000,17,0.05827033797981825,0.168615,0.9484469169960841
expected loss,0.417628,5000,18,0.05832594148638462,0.164455,0.9498835553327761
expected loss,0.417628,5000,19,0.05840358033201288,0.15993,0.9515686304994433
expected loss,0.417628,5000,20,0.058445549736793764,0.155875,0.9524562216999357
expected loss,0.417628,5000,21,0.0585134850809326,0.151715,0.9540113297332694
expected loss,0.417628,5000,22,0.05854598496044144,0.148195,0.9548981023705762
expected loss,0.417628,5000,23,0.0585761193736648,0.14512,0.9554657168137938
expected loss,0.417628,5000,24,0.058642551605191495,0.14172,0.9570183591494431
expected loss,0.417628,5000,25,0.05866801510235635,0.13954,0.9575234680836004
expected loss,0.417628,5000,26,0.05871305383287169,0.137375,0.9586110980834982
expected loss,0.417628,5000,27,0.05872120128182182,0.13436,0.9587825848052642
expected loss,0.417628,5000,28,0.058764595567108224,0.13229,0.9598120258974889
expected loss,0.417628,5000,29,0.05878843449118309,0.129675,0.9604053914265751
expected loss,0.417628,5000,30,0.05883806034188432,0.12765,0.961500480346231
recommended,0.65,100,1,0.028965411688746872,0.523785,0.8137838787755267
recommended,0.65,100,2,0.03402012669392187,0.153145,0.9460657388420004
recommended,0.65,100,3,0.03516179999513437,0.07523,0.9723309458834108
recommended,0.65,100,4,0.03568593108745937,0.042015,0.9842950790503115
recommended,0.65,100,5,0.035974645750428115,0.025035,0.9909602820235808
recommended,0.65,100,6,0.03611604583564999,0.01553,0.9941985392014253
recommended,0.65,100,7,0.036207528665374994,0.009835,0.9962841407040357
recommended,0.65,100,8,0.036261979660009366,0.006595,0.9975355215508265
recommended,0.65,100,9,0.03629917872797812,0.00434,0.9984200446484707
recommended,0.65,100,10,0.03631231458781562,0.003155,0.9987200978299322
recommended,0.65,100,11,0.036334970404356244,0.00202,0.9992533147838397
recommended,0.65,100,12,0.03634618396666874,0.001405,0.9994868391507331
recommended,0.65,100,13,0.03635281214416249,0.000965,0.9996510893281046
recommended,0.65,100,14,0.036358489829821865,0.000655,0.999746308432856
recommended,0.65,100,15,0.03636077122142812,0.00052,0.9998267130042842
recommended,0.65,100,16,0.03636244781641249,0.000355,0.9998582076843454
recommended,0.65,100,17,0.03636237554930624,0.000345,0.9998733844494019
recommended,0.65,100,18,0.036364812352043745,0.00022,0.999916922318739
recommended,0.65,100,19,0.03636592064999062,0.00015,0.9999144734650166
recommended,0.65,100,20,0.03636598752676874,0.00015,0.9999352370077821
recommended,0.65,100,21,0.03636778422149374,9e-05,0.9999826345192899
recommended,0.65,100,22,0.03636715927578124,5.5e-05,0.99998081629887
recommended,0.65,100,23,0.0363687842128125,3e-05,0.9999934905521382
recommended,0.65,100,24,0.03636801471795937,3.5e-05,0.9999915621377554
recommended,0.65,100,25,0.03636792322039999,2.5e-05,0.9999867310477953
recommended,0.65,100,26,0.036368316493406244,1e-05,0.9999969471649824
recommended,0.65,100,27,0.036368510781093745,0.0,1.0
recommended,0.65,100,28,0.03636839660914687,0.0,1.0
recommended,0.65,100,29,0.03636878957450625,1.5e-05,0.9999978777429038
recommended,0.65,100,30,0.036367690740831245,5e-06,0.9999995962960692
recommended,0.65,500,1,0.03299842486754812,0.32199,0.9151714386297375
recommended,0.65,500,2,0.035188004035578126,0.11362,0.9728663687228751
recommended,0.65,500,3,0.035805945478362494,0.052165,0.9870965856815549
recommended,0.65,500,4,0.03608363226129562,0.02567,0.9934575035934887
recommended,0.65,500,5,0.03622018614488312,0.013785,0.9965995221479594
recommended,0.65,500,6,0.03628794404671437,0.007325,0.9981546983465548
recommended,0.65,500,7,0.03632121236138062,0.00419,0.9989169903655459
recommended,0.65,500,8,0.03633943741237375,0.00245,0.9993363548530765
recommended,0.65,500,9,0.036351603714834375,0.001605,0.9996205468764622
recommended,0.65,500,10,0.03635809120705375,0.000915,0.999760438103429
recommended,0.65,500,11,0.036363611673111244,0.000545,0.999874392683452
recommended,0.65,500,12,0.03636479070174687,0.000375,0.9999081556146585
recommended,0.65,500,13,0.03636603362954687,0.00022,0.9999479376834886
recommended,0.65,500,14,0.036367536524661875,0.000125,0.9999651374015381
recommended,0.65,500,15,0.036367160248351245,0.000115,0.9999685764977031
recommended,0.65,500,16,0.03636818927592499,6.5e-05,0.9999756953534701
recommended,0.65,500,17,0.03636867728286562,2.5e-05,0.9999938336569298
recommended,0.65,500,18,0.03636791352071,1.5e-05,0.9999935789364218
recommended,0.65,500,19,0.036369215511227494,5e-06,0.9999996154920702
recommended,0.65,500,20,0.03636890648547187,0.0,1.0
recommended,0.65,500,21,0.03636871612210687,1e-05,0.9999954606429623
recommended,0.65,500,22,0.036368645981254374,1e-05,0.999998527357675
recommended,0.65,500,23,0.03636791510004187,0.0,1.0
recommended,0.65,500,24,0.03636855305681062,0.0,1.0
recommended,0.65,500,25,0.03636878228718,0.0,1.0
recommended,0.65,500,26,0.036368354730815615,0.0,1.0
recommended,0.65,500,27,0.036368305363293746,0.0,1.0
recommended,0.65,500,28,0.036367822356350624,0.0,1.0
recommended,0.65,500,29,0.036367875575456246,0.0,1.0
recommended,0.65,500,30,0.03636788676339,0.0,1.0
recommended,0.65,5000,1,0.03404074199883474,0.183735,0.9413892831041866
recommended,0.65,5000,2,0.03538685733499499,0.132375,0.9774751916098307
recommended,0.65,5000,3,0.035918842438099056,0.056565,0.9896883777655199
recommended,0.65,5000,4,0.03615691749800887,0.025745,0.9951252013883876
recommended,0.65,5000,5,0.03625761916610918,0.012535,0.9974588640730484
recommended,0.65,5000,6,0.036309709846220804,0.006705,0.9986462270112623
recommended,0.65,5000,7,0.03633670885735537,0.00357,0.9992772881018518
recommended,0.65,5000,8,0.03635025366097125,0.00203,0.9995778801137385
recommended,0.65,5000,9,0.03635906882904787,0.001195,0.9997810154458796
recommended,0.65,5000,10,0.036363570662968935,0.000685,0.9998838930327795
recommended,0.65,5000,11,0.03636484103123712,0.000375,0.9999074935407789
recommended,0.65,5000,12,0.03636665961414531,0.000255,0.9999583152935487
recommended,0.65,5000,13,0.036366994677005306,0.00013,0.9999752741443306
recommended,0.65,5000,14,0.03636705756489918,0.000105,0.9999737763616587
recommended,0.65,5000,15,0.03636820065796368,3.5e-05,0.9999934474895917
recommended,0.65,5000,16,0.03636794273601218,2e-05,0.999996524431132
recommended,0.65,5000,17,0.036368150844910054,1.5e-05,0.9999977270583914
recommended,0.65,5000,18,0.036368268642767806,5e-06,0.9999992303084586
recommended,0.65,5000,19,0.03636806948188156,5e-06,0.9999986036446561
recommended,0.65,5000,20,0.03636866997283905,5e-06,0.9999994932300946
recommended,0.65,5000,21,0.03636842660259112,0.0,1.0
recommended,0.65,5000,22,0.03636835559895037,0.0,1.0
recommended,0.65,5000,23,0.03636827822491236,0.0,1.0
recommended,0.65,5000,24,0.03636835700508412,0.0,1.0
recommended,0.65,5000,25,0.03636862965136144,0.0,1.0
recommended,0.65,5000,26,0.036367960891093114,0.0,1.0
recommended,0.65,5000,27,0.03636870114409218,0.0,1.0
recommended,0.65,5000,28,0.036368826219689246,0.0,1.0
recommended,0.65,5000,29,0.036368142169244805,0.0,1.0
recommended,0.65,5000,30,0.03636858412013924,0.0,1.0
