loss_pct,basel,rho015
0.050,0.000000,0.008618
0.150,0.000001,0.036795
0.250,0.000029,0.063186
0.351,0.000175,0.085376
0.451,0.000611,0.103550
0.551,0.001548,0.118267
0.651,0.003197,0.130088
0.751,0.005737,0.139497
0.851,0.009287,0.146901
0.952,0.013909,0.152633
1.052,0.019603,0.156967
1.152,0.026317,0.160131
1.252,0.033959,0.162310
1.352,0.042403,0.163661
1.452,0.051507,0.164315
1.553,0.061114,0.164381
1.653,0.071065,0.163950
1.753,0.081207,0.163102
1.853,0.091389,0.161902
1.953,0.101476,0.160408
2.053,0.111345,0.158666
2.154,0.120886,0.156719
2.254,0.130008,0.154602
2.354,0.138631,0.152345
2.454,0.146692,0.149976
2.554,0.154144,0.147515
2.654,0.160949,0.144984
2.755,0.167083,0.142399
2.855,0.172534,0.139775
2.955,0.177296,0.137123
3.055,0.181374,0.134456
3.155,0.184780,0.131783
3.255,0.187529,0.129111
3.356,0.189645,0.126448
3.456,0.191152,0.123799
3.556,0.192081,0.121171
3.656,0.192461,0.118567
3.756,0.192327,0.115991
3.856,0.191712,0.113446
3.957,0.190651,0.110935
4.057,0.189178,0.108460
4.157,0.187328,0.106024
4.257,0.185135,0.103626
4.357,0.182632,0.101270
4.457,0.179851,0.098955
4.558,0.176823,0.096682
4.658,0.173576,0.094452
4.758,0.170140,0.092265
4.858,0.166540,0.090122
4.958,0.162802,0.088022
5.058,0.158948,0.085965
5.159,0.155002,0.083952
5.259,0.150983,0.081981
5.359,0.146910,0.080053
5.459,0.142800,0.078167
5.559,0.138670,0.076322
5.659,0.134533,0.074519
5.760,0.130404,0.072756
5.860,0.126294,0.071033
5.960,0.122214,0.069350
6.060,0.118174,0.067705
6.160,0.114183,0.066098
6.260,0.110247,0.064529
6.361,0.106375,0.062996
6.461,0.102571,0.061500
6.561,0.098841,0.060038
6.661,0.095188,0.058612
6.761,0.091618,0.057219
6.861,0.088132,0.055859
6.962,0.084734,0.054532
7.062,0.081424,0.053236
7.162,0.078205,0.051972
7.262,0.075077,0.050738
7.362,0.072041,0.049534
7.462,0.069097,0.048359
7.563,0.066245,0.047212
7.663,0.063484,0.046093
7.763,0.060814,0.045001
7.863,0.058234,0.043935
7.963,0.055743,0.042895
8.063,0.053339,0.041881
8.164,0.051021,0.040891
8.264,0.048787,0.039925
8.364,0.046636,0.038982
8.464,0.044566,0.038063
8.564,0.042574,0.037166
8.664,0.040660,0.036290
8.765,0.038820,0.035436
8.865,0.037054,0.034602
8.965,0.035358,0.033789
9.065,0.033731,0.032996
9.165,0.032171,0.032221
9.265,0.030675,0.031466
9.366,0.029242,0.030729
9.466,0.027870,0.030010
9.566,0.026556,0.029308
9.666,0.025298,0.028623
9.766,0.024095,0.027954
9.866,0.022944,0.027302
9.967,0.021844,0.026666
10.067,0.020792,0.026045
10.167,0.019788,0.025439
10.267,0.018828,0.024847
10.367,0.017912,0.024270
10.467,0.017037,0.023707
10.568,0.016203,0.023157
10.668,0.015406,0.022621
10.768,0.014647,0.022097
10.868,0.013922,0.021586
10.968,0.013232,0.021087
11.068,0.012573,0.020600
11.169,0.011946,0.020125
11.269,0.011349,0.019661
11.369,0.010779,0.019208
11.469,0.010237,0.018766
11.569,0.009721,0.018335
11.669,0.009230,0.017913
11.770,0.008762,0.017502
11.870,0.008317,0.017101
11.970,0.007894,0.016709
12.070,0.007491,0.016326
12.170,0.007108,0.015953
12.270,0.006744,0.015588
12.371,0.006398,0.015232
12.471,0.006069,0.014884
12.571,0.005756,0.014545
12.671,0.005459,0.014214
12.771,0.005177,0.013890
12.871,0.004908,0.013574
12.972,0.004653,0.013265
13.072,0.004411,0.012964
13.172,0.004181,0.012670
13.272,0.003963,0.012383
13.372,0.003756,0.012102
13.472,0.003559,0.011828
13.573,0.003373,0.011560
13.673,0.003195,0.011299
13.773,0.003027,0.011043
13.873,0.002868,0.010794
13.973,0.002716,0.010551
14.073,0.002573,0.010313
14.174,0.002437,0.010080
14.274,0.002307,0.009853
14.374,0.002185,0.009632
14.474,0.002069,0.009415
14.574,0.001959,0.009203
14.674,0.001854,0.008997
14.775,0.001755,0.008795
14.875,0.001662,0.008598
14.975,0.001573,0.008405
15.075,0.001489,0.008217
15.175,0.001409,0.008033
15.275,0.001333,0.007853
15.376,0.001261,0.007678
15.476,0.001194,0.007506
15.576,0.001129,0.007339
15.676,0.001068,0.007175
15.776,0.001011,0.007015
15.876,0.000956,0.006859
15.977,0.000904,0.006706
16.077,0.000855,0.006556
16.177,0.000809,0.006411
16.277,0.000765,0.006268
16.377,0.000724,0.006129
16.477,0.000684,0.005993
16.578,0.000647,0.005860
16.678,0.000612,0.005730
16.778,0.000578,0.005603
16.878,0.000547,0.005478
16.978,0.000517,0.005357
17.078,0.000489,0.005238
17.179,0.000462,0.005123
17.279,0.000437,0.005009
17.379,0.000413,0.004898
17.479,0.000390,0.004790
17.579,0.000368,0.004684
17.679,0.000348,0.004581
17.780,0.000329,0.004480
17.880,0.000311,0.004381
17.980,0.000294,0.004285
18.080,0.000278,0.004190
18.180,0.000262,0.004098
18.280,0.000248,0.004008
18.381,0.000234,0.003919
18.481,0.000221,0.003833
18.581,0.000209,0.003749
18.681,0.000197,0.003666
18.781,0.000186,0.003586
18.881,0.000176,0.003507
18.982,0.000166,0.003430
19.082,0.000157,0.003355
19.182,0.000148,0.003281
19.282,0.000140,0.003209
19.382,0.000132,0.003139
19.482,0.000125,0.003070
19.583,0.000118,0.003003
19.683,0.000111,0.002937
19.783,0.000105,0.002873
19.883,0.000099,0.002810
19.983,0.000094,0.002748
20.083,0.000088,0.002688
20.184,0.000083,0.002629
20.284,0.000079,0.002572
20.384,0.000074,0.002516
20.484,0.000070,0.002461
20.584,0.000066,0.002407
20.684,0.000062,0.002355
20.785,0.000059,0.002303
20.885,0.000056,0.002253
20.985,0.000052,0.002204
21.085,0.000049,0.002156
21.185,0.000047,0.002109
21.285,0.000044,0.002063
21.386,0.000042,0.002018
21.486,0.000039,0.001974
21.586,0.000037,0.001931
21.686,0.000035,0.001889
21.786,0.000033,0.001847
21.886,0.000031,0.001807
21.987,0.000029,0.001768
22.087,0.000028,0.001729
22.187,0.000026,0.001692
22.287,0.000025,0.001655
22.387,0.000023,0.001619
22.487,0.000022,0.001584
22.588,0.000021,0.001549
22.688,0.000019,0.001516
22.788,0.000018,0.001483
22.888,0.000017,0.001450
22.988,0.000016,0.001419
23.088,0.000015,0.001388
23.189,0.000014,0.001358
23.289,0.000014,0.001328
23.389,0.000013,0.001300
23.489,0.000012,0.001271
23.589,0.000011,0.001244
23.689,0.000011,0.001217
23.790,0.000010,0.001190
23.890,0.000010,0.001164
23.990,0.000009,0.001139
24.090,0.000008,0.001114
24.190,0.000008,0.001090
24.290,0.000008,0.001066
24.391,0.000007,0.001043
24.491,0.000007,0.001021
24.591,0.000006,0.000999
24.691,0.000006,0.000977
24.791,0.000006,0.000956
24.891,0.000005,0.000935
24.992,0.000005,0.000915
25.092,0.000005,0.000895
25.192,0.000004,0.000875
25.292,0.000004,0.000856
25.392,0.000004,0.000838
25.492,0.000004,0.000820
25.593,0.000003,0.000802
25.693,0.000003,0.000784
25.793,0.000003,0.000767
25.893,0.000003,0.000751
25.993,0.000003,0.000734
26.093,0.000003,0.000718
26.194,0.000002,0.000703
26.294,0.000002,0.000688
26.394,0.000002,0.000673
26.494,0.000002,0.000658
26.594,0.000002,0.000644
26.694,0.000002,0.000630
26.795,0.000002,0.000616
26.895,0.000002,0.000603
26.995,0.000001,0.000590
27.095,0.000001,0.000577
27.195,0.000001,0.000564
27.295,0.000001,0.000552
27.396,0.000001,0.000540
27.496,0.000001,0.000528
27.596,0.000001,0.000517
27.696,0.000001,0.000506
27.796,0.000001,0.000495
27.896,0.000001,0.000484
27.997,0.000001,0.000473
28.097,0.000001,0.000463
28.197,0.000001,0.000453
28.297,0.000001,0.000443
28.397,0.000001,0.000433
28.497,0.000001,0.000424
28.598,0.000001,0.000415
28.698,0.000001,0.000406
28.798,0.000000,0.000397
28.898,0.000000,0.000388
28.998,0.000000,0.000380
29.098,0.000000,0.000372
29.199,0.000000,0.000363
29.299,0.000000,0.000356
29.399,0.000000,0.000348
29.499,0.000000,0.000340
29.599,0.000000,0.000333
29.699,0.000000,0.000325
29.800,0.000000,0.000318
29.900,0.000000,0.000311
30.000,0.000000,0.000305
