n_per_cohort,pd_a,pd_b,structure,q99_a,q99_b,q99_pooled,ratio_q99,es99_a,es99_b,es99_pooled,ratio_es99
50,0.05,0.05,common,8.0,8.0,15.0,0.9375,9.829999999999998,9.834749999999998,17.166999999999998,0.8729833839738619
50,0.05,0.05,independent,8.0,8.0,13.0,0.8125,9.847999999999999,9.805249999999997,14.453999999999999,0.7354508796255073
50,0.05,0.05,t10,12.0,12.0,24.0,1.0,15.022999999999998,15.094249999999997,28.340749999999996,0.9410138707883356
50,0.05,0.2,common,8.0,20.0,26.0,0.9285714285714286,9.864249999999998,21.2925,28.323999999999998,0.909080696799249
50,0.05,0.2,independent,8.0,20.0,23.0,0.8214285714285714,9.817499999999999,21.34425,25.355749999999997,0.8136818375091257
50,0.05,0.2,t10,12.0,22.0,33.0,0.9705882352941176,14.922999999999998,24.200999999999997,36.74525,0.9391997239546059
50,0.01,0.2,common,4.0,20.0,22.0,0.9166666666666666,4.930999999999999,21.26275,24.078,0.9192269148174659
50,0.01,0.2,independent,4.0,20.0,20.0,0.8333333333333334,4.945499999999999,21.288249999999998,22.168249999999997,0.8450278743984371
50,0.01,0.2,t10,6.0,22.0,27.0,0.9642857142857143,9.004499999999997,24.1165,31.017749999999996,0.9364979922103801
250,0.05,0.05,common,34.0,34.0,66.0,0.9705882352941176,39.0265,39.2675,75.59724999999999,0.9655561090249571
250,0.05,0.05,independent,34.0,34.0,54.0,0.7941176470588235,38.94,39.07574999999999,59.425999999999995,0.7617179864322268
250,0.05,0.05,t10,57.0,57.0,112.0,0.9824561403508771,67.94125,68.19399999999999,134.36174999999997,0.9869725144663118
250,0.05,0.2,common,34.0,86.0,117.0,0.975,38.9175,91.892,127.42025,0.9740901845813952
250,0.05,0.2,independent,34.0,86.0,103.0,0.8583333333333333,38.993249999999996,92.03174999999999,109.6125,0.8365769891242131
250,0.05,0.2,t10,57.0,101.0,155.0,0.9810126582278481,67.97949999999999,108.904,173.4955,0.9808461501496749
250,0.01,0.2,common,15.0,86.0,98.0,0.9702970297029703,18.982999999999997,92.03824999999999,108.45549999999999,0.97688955943119
250,0.01,0.2,independent,15.0,86.0,89.0,0.8811881188118812,18.955999999999996,91.856,95.54625,0.8622373930621233
250,0.01,0.2,t10,29.0,101.0,127.0,0.9769230769230769,41.58549999999999,109.24074999999999,147.74925,0.9795990419439587
