pd_pct,basel,rho005,rho015,rho030
0.5000,136.30,82.35,143.54,260.84
0.5239,140.97,85.94,149.05,269.57
0.5489,145.79,89.69,154.77,278.57
0.5752,150.76,93.59,160.70,287.85
0.6027,155.87,97.67,166.86,297.40
0.6315,161.14,101.92,173.24,307.25
0.6617,166.57,106.36,179.87,317.40
0.6933,172.15,110.99,186.74,327.86
0.7264,177.90,115.83,193.88,338.64
0.7612,183.82,120.87,201.28,349.73
0.7976,189.92,126.13,208.95,361.17
0.8357,196.19,131.62,216.91,372.94
0.8756,202.65,137.35,225.17,385.07
0.9175,209.29,143.32,233.74,397.56
0.9613,216.13,149.56,242.63,410.42
1.0073,223.17,156.07,251.86,423.66
1.0555,230.42,162.85,261.42,437.29
1.1059,237.88,169.94,271.34,451.33
1.1588,245.55,177.33,281.64,465.78
1.2142,253.46,185.04,292.31,480.65
1.2722,261.60,193.08,303.39,495.96
1.3330,269.99,201.48,314.87,511.72
1.3967,278.62,210.24,326.79,527.94
1.4635,287.52,219.37,339.15,544.64
1.5335,296.69,228.91,351.96,561.82
1.6068,306.14,238.85,365.26,579.50
1.6836,315.89,249.23,379.05,597.69
1.7640,325.95,260.06,393.35,616.42
1.8484,336.33,271.35,408.18,635.68
1.9367,347.05,283.14,423.57,655.51
2.0293,358.12,295.44,439.53,675.90
2.1263,369.56,308.27,456.08,696.89
2.2280,381.39,321.65,473.24,718.48
2.3345,393.64,335.61,491.04,740.70
2.4460,406.31,350.18,509.51,763.56
2.5630,419.45,365.38,528.66,787.08
2.6855,433.06,381.24,548.52,811.28
2.8139,447.19,397.78,569.12,836.18
2.9484,461.85,415.04,590.49,861.80
3.0893,477.08,433.05,612.65,888.16
3.2370,492.92,451.83,635.63,915.29
3.3917,509.40,471.43,659.47,943.20
3.5538,526.57,491.88,684.20,971.93
3.7237,544.45,513.21,709.84,1001.49
3.9017,563.10,535.46,736.44,1031.91
4.0882,582.57,558.68,764.03,1063.22
4.2837,602.90,582.89,792.65,1095.46
4.4884,624.15,608.16,822.34,1128.63
4.7030,646.38,634.52,853.13,1162.79
4.9278,669.64,662.01,885.07,1197.96
5.1634,694.00,690.70,918.20,1234.17
5.4102,719.53,720.62,952.57,1271.46
5.6688,746.29,751.84,988.22,1309.86
5.9398,774.37,784.41,1025.21,1349.43
6.2237,803.83,818.38,1063.58,1390.18
6.5212,834.76,853.82,1103.39,1432.17
6.8329,867.24,890.79,1144.70,1475.44
7.1596,901.36,929.36,1187.55,1520.04
7.5018,937.20,969.59,1232.01,1566.02
7.8604,974.86,1011.55,1278.15,1613.42
8.2362,1014.43,1055.33,1326.02,1662.30
8.6299,1056.00,1101.00,1375.69,1712.72
9.0424,1099.68,1148.64,1427.24,1764.73
9.4746,1145.55,1198.33,1480.74,1818.40
9.9275,1193.73,1250.17,1536.26,1873.79
10.4021,1244.31,1304.24,1593.88,1930.98
10.8993,1297.40,1360.64,1653.69,1990.03
11.4203,1353.10,1419.47,1715.78,2051.02
11.9663,1411.53,1480.84,1780.22,2114.03
12.5383,1472.78,1544.85,1847.12,2179.14
13.1376,1536.97,1611.62,1916.57,2246.45
13.7656,1604.22,1681.27,1988.68,2316.04
14.4237,1674.64,1753.91,2063.56,2388.02
15.1131,1748.36,1829.68,2141.30,2462.49
15.8356,1825.50,1908.72,2222.04,2539.56
16.5925,1906.20,1991.15,2305.88,2619.34
17.3857,1990.59,2077.13,2392.97,2701.96
18.2168,2078.81,2166.81,2483.42,2787.55
19.0876,2171.03,2260.34,2577.37,2876.24
20.0000,2267.41,2357.89,2674.98,2968.17
