annual_pd,apr,reserve_share,r_over_r_el,mean_apy_years_1_30,mean_apy_year_30,long_run_formula,p_lender_loss_year_10,p_lender_loss_year_30,mean_reserve_year_30
0.03,0.1033,0.2,0.6747346729250363,0.06159308924086876,0.06173000184851605,0.06177847327080219,0.49421,0.49437,0.00590798657406143
0.03,0.1033,0.225,0.7590765070406659,0.06141135008506439,0.06176433915262602,0.06177847327080219,0.382125,0.370395,0.011239511818282245
0.03,0.1033,0.25,0.8434183411562953,0.061062387276564954,0.06168733215548785,0.06177847327080219,0.278765,0.248655,0.021657027069332663
0.03,0.1033,0.275,0.927760175271925,0.06041890394426491,0.06123427088776364,0.06177847327080219,0.1926,0.14357,0.040805400809942514
0.03,0.1033,0.3,1.0121020093875543,0.05938226188171294,0.06034137411764341,0.0614635,0.124695,0.06721,0.07171869483581726
0.03,0.1033,0.325,1.096443843503184,0.057966249111020086,0.058809834275792436,0.059268375,0.076135,0.026805,0.11459795321225007
0.03,0.1033,0.35,1.1807856776188135,0.05624419383704658,0.05692570077751273,0.057073250000000006,0.04303,0.008365,0.16651645161791243
0.03,0.1033,0.375,1.2651275117344432,0.05432587200815733,0.054840081974779895,0.05487812499999999,0.023835,0.002165,0.223681663901182
0.03,0.1033,0.4,1.3494693458500726,0.0522891826949145,0.05267546411336647,0.052683,0.01287,0.000445,0.2848061346658022
0.03,0.1033,0.425,1.433811179965702,0.05019674596949775,0.05048635507256108,0.050487875,0.00645,8.5e-05,0.34721951592430184
0.03,0.1033,0.45,1.5181530140813317,0.04806975846449246,0.04829262403170145,0.048292749999999995,0.00331,1e-05,0.4108250260778249
0.03,0.1033,0.475,1.6024948481969612,0.04592343445123865,0.04609761259132705,0.046097625,0.0015,5e-06,0.47579196737554047
0.03,0.1033,0.5,1.6868366823125907,0.0437612631535248,0.0439025,0.0439025,0.00075,0.0,0.5403396891589671
0.03,0.1033,0.525,1.7711785164282203,0.04159407828169718,0.04170737499999999,0.041707375,0.000315,0.0,0.6054623338670829
0.03,0.1033,0.55,1.85552035054385,0.03941932192795455,0.039512249999999985,0.03951225,0.000145,0.0,0.6708818900027647
0.03,0.1033,0.575,1.9398621846594792,0.03723984373740328,0.037317125,0.037317125,9.5e-05,0.0,0.7360275559602024
0.03,0.1033,0.6,2.0242040187751087,0.0350576188796506,0.03512199999999999,0.035122,2.5e-05,0.0,0.8017642664998007
0.03,0.1033,0.625,2.1085458528907384,0.032871757595224614,0.032926875,0.03292687500000001,0.0,0.0,0.8671408771326379
0.03,0.1033,0.65,2.192887687006368,0.03068540439462693,0.03073174999999999,0.03073174999999999,0.0,0.0,0.9325539946230074
0.03,0.1033,0.675,2.2772295211219977,0.028497524553944824,0.028536624999999982,0.028536624999999993,0.0,0.0,0.9985652896131926
0.03,0.1033,0.7,2.361571355237627,0.026307721451247417,0.026341500000000014,0.026341500000000004,0.0,0.0,1.0642668530676433
0.03,0.1033,0.725,2.4459131893532566,0.02411668936206299,0.024146375,0.024146375,5e-06,0.0,1.129959014296322
0.03,0.1033,0.75,2.5302550234688863,0.021926979554364286,0.02195125,0.02195125,0.0,0.0,1.1957823226553181
0.03,0.1033,0.775,2.6145968575845155,0.019735260942048766,0.019756124999999992,0.019756125,0.0,0.0,1.2610811473597945
0.03,0.1033,0.8,2.698938691700145,0.017542306615769106,0.017560999999999993,0.017560999999999997,0.0,0.0,1.3266334908001576
0.05,0.12329999999999999,0.2,0.47887734721184666,0.061013673271474174,0.06093313056544746,0.061033875468759144,0.87038,0.87031,0.0006905077602659524
0.05,0.12329999999999999,0.225,0.5387370156133274,0.06099509653661569,0.061091080308972416,0.061033875468759144,0.80975,0.809885,0.0012726512019139717
0.05,0.12329999999999999,0.25,0.5985966840148083,0.06096457543471344,0.061010276181826736,0.061033875468759144,0.737495,0.73754,0.0022165608489725323
0.05,0.12329999999999999,0.275,0.6584563524162892,0.06090471558029208,0.06097514606253943,0.061033875468759144,0.653995,0.65562,0.0037260713832075135
0.05,0.12329999999999999,0.3,0.7183160208177699,0.06082271669501039,0.061097297082890835,0.061033875468759144,0.563575,0.56025,0.006272468165752035
0.05,0.12329999999999999,0.325,0.7781756892192507,0.06067385157374927,0.06107416398544085,0.061033875468759144,0.463205,0.456655,0.01066133271838242
0.05,0.12329999999999999,0.35,0.8380353576207316,0.06041680143101374,0.06100774460448645,0.061033875468759144,0.36364,0.345595,0.01849688178815101
0.05,0.12329999999999999,0.375,0.8978950260222124,0.05994639476714881,0.060866309625303275,0.061033875468759144,0.27021,0.232965,0.03308925651229984
0.05,0.12329999999999999,0.4,0.9577546944236933,0.059084997250622585,0.06018852284351395,0.061033875468759144,0.189335,0.13547,0.05813251719026284
0.05,0.12329999999999999,0.425,1.017614362825174,0.05781839797243377,0.05900782339561187,0.060262875,0.12443,0.065395,0.09668501627828606
0.05,0.12329999999999999,0.45,1.0774740312266549,0.05608841717069465,0.05715071767220195,0.057642749999999986,0.07729,0.02547,0.14847384858984003
0.05,0.12329999999999999,0.475,1.1373336996281356,0.05402627515735442,0.05487423412448592,0.055022625,0.046135,0.008135,0.21049384537344973
0.05,0.12329999999999999,0.5,1.1971933680296165,0.05173239886498133,0.05236592721173265,0.0524025,0.025205,0.00204,0.2795855952470402
0.05,0.12329999999999999,0.525,1.2570530364310974,0.04930961790980059,0.049774266646762336,0.049782375,0.013475,0.00044,0.3518494852274217
0.05,0.12329999999999999,0.55,1.3169127048325784,0.046816405096864064,0.04716128085737848,0.047162249999999996,0.006755,7.5e-05,0.42633739456359265
0.05,0.12329999999999999,0.575,1.3767723732340589,0.04427748290101822,0.044542030343218804,0.044542125,0.003215,5e-06,0.5025529583988607
0.05,0.12329999999999999,0.6,1.4366320416355398,0.04171474205687792,0.04192200000000001,0.041922,0.00149,0.0,0.5796550014843099
0.05,0.12329999999999999,0.625,1.4964917100370208,0.039139200405904545,0.03930187499999999,0.039301875,0.000625,0.0,0.6570978055123226
0.05,0.12329999999999999,0.65,1.5563513784385015,0.03655104185837644,0.036681750000000006,0.03668175,0.000285,0.0,0.7347671060669145
0.05,0.12329999999999999,0.675,1.6162110468399824,0.03395492370498087,0.034061624999999984,0.034061625,0.000145,0.0,0.8124401834813811
0.05,0.12329999999999999,0.7,1.6760707152414631,0.03135483293191426,0.031441500000000004,0.031441500000000004,4.5e-05,0.0,0.8904330636612993
0.05,0.12329999999999999,0.725,1.7359303836429438,0.02874850245979802,0.028821375,0.028821375000000007,2.5e-05,0.0,0.9683260536401862
0.05,0.12329999999999999,0.75,1.7957900520444248,0.026140471974070708,0.026201250000000006,0.026201249999999992,0.0,0.0,1.046566179651293
0.05,0.12329999999999999,0.775,1.8556497204459057,0.023532252645052102,0.023581124999999994,0.02358112499999999,0.0,0.0,1.1246911416053493
0.05,0.12329999999999999,0.8,1.9155093888473866,0.02091869230385467,0.020960999999999994,0.02096099999999999,0.0,0.0,1.203932636897705
0.1,0.18330000000000002,0.2,0.3474212236461163,0.06612329866980796,0.06610253845241375,0.06611272480457142,0.9957,0.996,1.4049839614632403e-05
0.1,0.18330000000000002,0.225,0.3908488766018808,0.06611382201803796,0.06615551697372057,0.06611272480457142,0.991005,0.990585,4.0035469039020966e-05
0.1,0.18330000000000002,0.25,0.4342765295576453,0.06609743150591807,0.06603514922162204,0.06611272480457142,0.981345,0.981695,9.676399908669058e-05
0.1,0.18330000000000002,0.275,0.47770418251340985,0.06610417935350792,0.06612465406028242,0.06611272480457142,0.966885,0.966705,0.00020498263772176172
0.1,0.18330000000000002,0.3,0.5211318354691743,0.06611198685464593,0.0661374404283126,0.06611272480457142,0.94684,0.945935,0.0003849202311466091
0.1,0.18330000000000002,0.325,0.5645594884249389,0.06608683523745068,0.06612443053351272,0.06611272480457142,0.91753,0.917205,0.0006868306743651226
0.1,0.18330000000000002,0.35,0.6079871413807034,0.06607512618298644,0.06603450817425038,0.06611272480457142,0.87822,0.879305,0.0011768070888473893
0.1,0.18330000000000002,0.375,0.651414794336468,0.06602611690961326,0.06598044928941743,0.06611272480457142,0.830015,0.83095,0.0019323665774679947
0.1,0.18330000000000002,0.4,0.6948424472922325,0.0660095335932756,0.06609565900615812,0.06611272480457142,0.77039,0.77036,0.003187559777391573
0.1,0.18330000000000002,0.425,0.738270100247997,0.06595059887447961,0.06609284536334194,0.06611272480457142,0.699885,0.69853,0.005025954268206783
0.1,0.18330000000000002,0.45,0.7816977532037616,0.06585364129581321,0.06619920281422803,0.06611272480457142,0.614635,0.612855,0.008020971834720721
0.1,0.18330000000000002,0.475,0.825125406159526,0.06568321940995864,0.06602828351664854,0.06611272480457142,0.52219,0.518085,0.01298967015839903
0.1,0.18330000000000002,0.5,0.8685530591152906,0.06539854945597004,0.06612019818458355,0.06611272480457142,0.42418,0.4086,0.02180929294336766
0.1,0.18330000000000002,0.525,0.9119807120710551,0.06484940431424323,0.06594420664856253,0.06611272480457142,0.32309,0.29258,0.03797975949106414
0.1,0.18330000000000002,0.55,0.9554083650268197,0.06385645570702991,0.06530152357305542,0.06611272480457142,0.23236,0.18148,0.06772605428657466
0.1,0.18330000000000002,0.575,0.9988360179825841,0.06221566108770874,0.06390004464352887,0.06611272480457142,0.154645,0.090935,0.11728850386155973
0.1,0.18330000000000002,0.6,1.0422636709383486,0.05987199395759343,0.061427562277041346,0.06232200000000001,0.096325,0.036455,0.18725697110961184
0.1,0.18330000000000002,0.625,1.0856913238941133,0.056925664477528094,0.05816896822442943,0.058426875,0.054435,0.010895,0.27558371999225595
0.1,0.18330000000000002,0.65,1.1291189768498777,0.053573229026848586,0.05446807742844555,0.054531750000000004,0.02888,0.00255,0.3764569584869226
0.1,0.18330000000000002,0.675,1.1725466298056424,0.04999321844772235,0.05062675082031295,0.050636625,0.014295,0.00041,0.48403964731422106
0.1,0.18330000000000002,0.7,1.2159742827614068,0.046283129166479524,0.04673865459719462,0.046741500000000005,0.006335,8e-05,0.5948023457849057
0.1,0.18330000000000002,0.725,1.2594019357171713,0.0425109345094323,0.04284624590045761,0.04284637500000002,0.00273,2.5e-05,0.7082181449922893
0.1,0.18330000000000002,0.75,1.302829588672936,0.03869837455256682,0.03895125,0.03895125,0.001165,0.0,0.8222090935541416
0.1,0.18330000000000002,0.775,1.3462572416287004,0.03486127435018342,0.035056124999999994,0.03505612499999999,0.0004,0.0,0.9372798652062668
0.1,0.18330000000000002,0.8,1.389684894584465,0.03101075447698602,0.031160999999999994,0.031160999999999998,0.000135,0.0,1.053037742055782
