r,apy3,p3,f3,apy5,p5,f5,apy10,p10,f10
0.2,6.1730,49.421,6.1778,6.0933,87.038,6.1034,6.6103,99.570,6.6113
0.225,6.1764,38.212,6.1778,6.1091,80.975,6.1034,6.6156,99.100,6.6113
0.25,6.1687,27.877,6.1778,6.1010,73.749,6.1034,6.6035,98.135,6.6113
0.275,6.1234,19.260,6.1778,6.0975,65.400,6.1034,6.6125,96.689,6.6113
0.3,6.0341,12.470,6.1463,6.1097,56.358,6.1034,6.6137,94.684,6.6113
0.325,5.8810,7.613,5.9268,6.1074,46.320,6.1034,6.6124,91.753,6.6113
0.35,5.6926,4.303,5.7073,6.1008,36.364,6.1034,6.6035,87.822,6.6113
0.375,5.4840,2.383,5.4878,6.0866,27.021,6.1034,6.5980,83.001,6.6113
0.4,5.2675,1.287,5.2683,6.0189,18.933,6.1034,6.6096,77.039,6.6113
0.425,5.0486,0.645,5.0488,5.9008,12.443,6.0263,6.6093,69.989,6.6113
0.45,4.8293,0.331,4.8293,5.7151,7.729,5.7643,6.6199,61.464,6.6113
0.475,4.6098,0.150,4.6098,5.4874,4.614,5.5023,6.6028,52.219,6.6113
0.5,4.3902,0.075,4.3902,5.2366,2.521,5.2402,6.6120,42.418,6.6113
0.525,4.1707,0.032,4.1707,4.9774,1.348,4.9782,6.5944,32.309,6.6113
0.55,3.9512,0.015,3.9512,4.7161,0.675,4.7162,6.5302,23.236,6.6113
0.575,3.7317,0.009,3.7317,4.4542,0.322,4.4542,6.3900,15.465,6.6113
0.6,3.5122,0.003,3.5122,4.1922,0.149,4.1922,6.1428,9.633,6.2322
0.625,3.2927,0.000,3.2927,3.9302,0.062,3.9302,5.8169,5.443,5.8427
0.65,3.0732,0.000,3.0732,3.6682,0.028,3.6682,5.4468,2.888,5.4532
0.675,2.8537,0.000,2.8537,3.4062,0.015,3.4062,5.0627,1.429,5.0637
0.7,2.6342,0.000,2.6342,3.1442,0.005,3.1442,4.6739,0.634,4.6742
0.725,2.4146,0.001,2.4146,2.8821,0.003,2.8821,4.2846,0.273,4.2846
0.75,2.1951,0.000,2.1951,2.6201,0.000,2.6201,3.8951,0.117,3.8951
0.775,1.9756,0.000,1.9756,2.3581,0.000,2.3581,3.5056,0.040,3.5056
0.8,1.7561,0.000,1.7561,2.0961,0.000,2.0961,3.1161,0.013,3.1161
