annual_pd,rho,apr,reserve_share_case,reserve_share,policy,year,mean_apy,apy_p01,p_lender_loss,mean_reserve,identity_max_error
0.03,0.075492,0.1033,expected loss,0.296413,released above cap,1,0.0552062578860781,0.001163818314884701,0.393225,0.006601574603835702,1.3322676295501878e-15
0.03,0.075492,0.1033,expected loss,0.296413,released above cap,2,0.0569586831879475,0.005764742478356477,0.288535,0.011356774989111659,1.3322676295501878e-15
0.03,0.075492,0.1033,expected loss,0.296413,released above cap,3,0.05781765117024425,0.0089905510317724,0.237165,0.015354746284593582,1.3322676295501878e-15
0.03,0.075492,0.1033,expected loss,0.296413,released above cap,4,0.0583635200018503,0.01195817852922763,0.20673,0.018765788249579304,1.3322676295501878e-15
0.03,0.075492,0.1033,expected loss,0.296413,released above cap,5,0.0588757657996804,0.013068469716491333,0.186885,0.021638137573134337,1.3322676295501878e-15
0.03,0.075492,0.1033,expected loss,0.296413,released above cap,6,0.05933403139980438,0.013928905628683637,0.170235,0.024051407260085488,1.3322676295501878e-15
0.03,0.075492,0.1033,expected loss,0.296413,released above cap,7,0.059819818198518095,0.015824105689190102,0.15745,0.026040422893734812,1.3322676295501878e-15
0.03,0.075492,0.1033,expected loss,0.296413,released above cap,8,0.06018106890406016,0.016874107382648107,0.148985,0.027664745306705384,1.3322676295501878e-15
0.03,0.075492,0.1033,expected loss,0.296413,released above cap,9,0.06047236266236721,0.01779564936148659,0.14119,0.02900557513385773,1.3322676295501878e-15
0.03,0.075492,0.1033,expected loss,0.296413,released above cap,10,0.06072335372982112,0.017973341290879217,0.135155,0.029999298095471662,1.3322676295501878e-15
0.03,0.075492,0.1033,expected loss,0.296413,released above cap,11,0.060932345207087804,0.019224053827048112,0.130595,0.030861276707818915,1.3322676295501878e-15
0.03,0.075492,0.1033,expected loss,0.296413,released above cap,12,0.06112595689448859,0.01976842975051065,0.125485,0.03158005065309176,1.3322676295501878e-15
0.03,0.075492,0.1033,expected loss,0.296413,released above cap,13,0.061211247694911874,0.01902067764676931,0.12295,0.032136845679178676,1.3322676295501878e-15
0.03,0.075492,0.1033,expected loss,0.296413,released above cap,14,0.06135736770254204,0.020508229201770298,0.11889,0.032573682951593436,1.3322676295501878e-15
0.03,0.075492,0.1033,expected loss,0.296413,released above cap,15,0.06143469199658691,0.020750787699510068,0.11785,0.032951310213993945,1.3322676295501878e-15
0.03,0.075492,0.1033,expected loss,0.296413,released above cap,16,0.06145970096818407,0.01994909306917822,0.115725,0.033244226137993035,1.3322676295501878e-15
0.03,0.075492,0.1033,expected loss,0.296413,released above cap,17,0.06157057014697442,0.021062652749758833,0.114485,0.03345364734495976,1.3322676295501878e-15
0.03,0.075492,0.1033,expected loss,0.296413,released above cap,18,0.061597930689254905,0.021122847578884933,0.11371,0.03359070567126052,1.3322676295501878e-15
0.03,0.075492,0.1033,expected loss,0.296413,released above cap,19,0.0616130565744078,0.02080599308595371,0.114425,0.03371261057001908,1.3322676295501878e-15
0.03,0.075492,0.1033,expected loss,0.296413,released above cap,20,0.061650208713452614,0.020732390945054628,0.11211,0.03386954989088654,1.3322676295501878e-15
0.03,0.075492,0.1033,expected loss,0.296413,released above cap,21,0.06168915229372291,0.021981356292042377,0.11214,0.033994522791323166,1.3322676295501878e-15
0.03,0.075492,0.1033,expected loss,0.296413,released above cap,22,0.06169326632798613,0.021281834600057465,0.112805,0.034050346006672956,1.3322676295501878e-15
0.03,0.075492,0.1033,expected loss,0.296413,released above cap,23,0.061727224692520705,0.021787489667019305,0.111215,0.034096683289907684,1.3322676295501878e-15
0.03,0.075492,0.1033,expected loss,0.296413,released above cap,24,0.0616781562202314,0.02084590701433694,0.112195,0.034176876522349055,1.3322676295501878e-15
0.03,0.075492,0.1033,expected loss,0.296413,released above cap,25,0.06174861317933211,0.021359881317991165,0.10945,0.03426194230367645,1.3322676295501878e-15
0.03,0.075492,0.1033,expected loss,0.296413,released above cap,26,0.061738956397683106,0.02173609785296647,0.11118,0.034251300656275074,1.3322676295501878e-15
0.03,0.075492,0.1033,expected loss,0.296413,released above cap,27,0.06176164377303472,0.021213288708214418,0.109985,0.03427072764133296,1.3322676295501878e-15
0.03,0.075492,0.1033,expected loss,0.296413,released above cap,28,0.06179987559282706,0.02166236094423257,0.10897,0.034328742826687686,1.3322676295501878e-15
0.03,0.075492,0.1033,expected loss,0.296413,released above cap,29,0.0617706802798662,0.02168437413757008,0.11043,0.03433970086524212,1.3322676295501878e-15
0.03,0.075492,0.1033,expected loss,0.296413,released above cap,30,0.06178343142361704,0.021625563660252808,0.10926,0.03438853182566786,1.3322676295501878e-15
0.03,0.075492,0.1033,expected loss,0.296413,locked,1,0.0552192462376557,0.0004300180112906974,0.39308,0.006565138426461633,1.1102230246251565e-15
0.03,0.075492,0.1033,expected loss,0.296413,locked,2,0.05695807904955323,0.00546464469657288,0.287775,0.011386029073114673,1.1102230246251565e-15
0.03,0.075492,0.1033,expected loss,0.296413,locked,3,0.05775574781923222,0.008627948591570983,0.23866,0.015346465727264514,1.1102230246251565e-15
0.03,0.075492,0.1033,expected loss,0.296413,locked,4,0.058311662352860096,0.011346333404896316,0.208125,0.018819558061867445,1.1102230246251565e-15
0.03,0.075492,0.1033,expected loss,0.296413,locked,5,0.05865615556660446,0.012697116824023923,0.185465,0.021957469448816446,1.1102230246251565e-15
0.03,0.075492,0.1033,expected loss,0.296413,locked,6,0.05892102531078423,0.014448883741762007,0.17057,0.024734977337463514,1.1102230246251565e-15
0.03,0.075492,0.1033,expected loss,0.296413,locked,7,0.059163044872277845,0.0157244032846409,0.157295,0.027361923761094694,1.1102230246251565e-15
0.03,0.075492,0.1033,expected loss,0.296413,locked,8,0.059253208642492346,0.01557343963895817,0.148,0.029813238115905052,1.1102230246251565e-15
0.03,0.075492,0.1033,expected loss,0.296413,locked,9,0.059426518660552645,0.017450349139252225,0.139385,0.03210748028280721,1.1102230246251565e-15
0.03,0.075492,0.1033,expected loss,0.296413,locked,10,0.05956281236241759,0.0187219241385359,0.131935,0.034349786859756815,1.1102230246251565e-15
0.03,0.075492,0.1033,expected loss,0.296413,locked,11,0.05964649273253448,0.019324442542019257,0.12688,0.03645153507537797,1.1102230246251565e-15
0.03,0.075492,0.1033,expected loss,0.296413,locked,12,0.05976222373197564,0.019801360259047884,0.119545,0.038484559738381774,1.1102230246251565e-15
0.03,0.075492,0.1033,expected loss,0.296413,locked,13,0.059842989387030664,0.021122557678574554,0.11567,0.040372358100828294,1.1102230246251565e-15
0.03,0.075492,0.1033,expected loss,0.296413,locked,14,0.0598757716517426,0.021006482700834068,0.112675,0.04221431879636836,1.1102230246251565e-15
0.03,0.075492,0.1033,expected loss,0.296413,locked,15,0.05997984830524843,0.022326959613929456,0.107735,0.04407669921992439,1.1102230246251565e-15
0.03,0.075492,0.1033,expected loss,0.296413,locked,16,0.060023668189404564,0.022194289245457483,0.105065,0.04586098646909002,1.1102230246251565e-15
0.03,0.075492,0.1033,expected loss,0.296413,locked,17,0.06003617904684712,0.02248748576595885,0.102825,0.047558183657057364,1.1102230246251565e-15
0.03,0.075492,0.1033,expected loss,0.296413,locked,18,0.060126153524082314,0.023585999230027313,0.0983,0.049245031155149784,1.1102230246251565e-15
0.03,0.075492,0.1033,expected loss,0.296413,locked,19,0.06013152073500687,0.02359012177349725,0.097185,0.05086015227969625,1.1102230246251565e-15
0.03,0.075492,0.1033,expected loss,0.296413,locked,20,0.060234657661345885,0.024634357051110563,0.092995,0.052442730426639654,1.1102230246251565e-15
0.03,0.075492,0.1033,expected loss,0.296413,locked,21,0.06023888865505064,0.024205118194119222,0.09138,0.053954708081460245,1.1102230246251565e-15
0.03,0.075492,0.1033,expected loss,0.296413,locked,22,0.06029687549573948,0.02525252817729243,0.08879,0.05549708067744591,1.1102230246251565e-15
0.03,0.075492,0.1033,expected loss,0.296413,locked,23,0.060304061213366164,0.02569860749772527,0.08825,0.056916367780751896,1.1102230246251565e-15
0.03,0.075492,0.1033,expected loss,0.296413,locked,24,0.06034101034409437,0.026011169656175705,0.08646,0.05841203113308189,1.1102230246251565e-15
0.03,0.075492,0.1033,expected loss,0.296413,locked,25,0.06035437552348283,0.026002280649615146,0.0841,0.05973683916405268,1.1102230246251565e-15
0.03,0.075492,0.1033,expected loss,0.296413,locked,26,0.06042864014079709,0.02755415064457581,0.082395,0.06110275941705979,1.1102230246251565e-15
0.03,0.075492,0.1033,expected loss,0.296413,locked,27,0.06037190015091919,0.02550991674483088,0.08117,0.06249249934473181,1.1102230246251565e-15
0.03,0.075492,0.1033,expected loss,0.296413,locked,28,0.06044465167588494,0.02754426201571399,0.079435,0.06381842377653507,1.1102230246251565e-15
0.03,0.075492,0.1033,expected loss,0.296413,locked,29,0.06049753982136393,0.02795079479788671,0.076785,0.06516777235411521,1.1102230246251565e-15
0.03,0.075492,0.1033,expected loss,0.296413,locked,30,0.06050366596005229,0.027770919766880252,0.07611,0.06650423941297394,1.1102230246251565e-15
0.03,0.075492,0.1033,recommended,0.55,released above cap,1,0.037778832215453535,0.00041792856326226693,0.103415,0.024055190548460493,1.3322676295501878e-15
0.03,0.075492,0.1033,recommended,0.55,released above cap,2,0.04126632707741377,0.018603389470155475,0.034105,0.044565801901698225,1.3322676295501878e-15
0.03,0.075492,0.1033,recommended,0.55,released above cap,3,0.05235484904394027,0.033716432494363714,0.014065,0.05401814397534387,1.3322676295501878e-15
0.03,0.075492,0.1033,recommended,0.55,released above cap,4,0.058449836897437366,0.03951224999999999,0.008095,0.05735788554179145,1.3322676295501878e-15
0.03,0.075492,0.1033,recommended,0.55,released above cap,5,0.06065963573042645,0.03951224999999999,0.00564,0.05849636316428783,1.3322676295501878e-15
0.03,0.075492,0.1033,recommended,0.55,released above cap,6,0.06142862345422161,0.03951224999999999,0.004895,0.05886686227573927,1.3322676295501878e-15
0.03,0.075492,0.1033,recommended,0.55,released above cap,7,0.0616440394159585,0.03951224999999999,0.00471,0.058995860840451386,1.3322676295501878e-15
0.03,0.075492,0.1033,recommended,0.55,released above cap,8,0.061703859075238725,0.03951224999999999,0.004495,0.059069213902560334,1.3322676295501878e-15
0.03,0.075492,0.1033,recommended,0.55,released above cap,9,0.06177074123086814,0.03951224999999999,0.00434,0.05907580812704728,1.3322676295501878e-15
0.03,0.075492,0.1033,recommended,0.55,released above cap,10,0.06171971800387015,0.03951224999999999,0.00426,0.05908882671813703,1.3322676295501878e-15
0.03,0.075492,0.1033,recommended,0.55,released above cap,11,0.061835752628404864,0.03951224999999999,0.004265,0.0591094835346186,1.3322676295501878e-15
0.03,0.075492,0.1033,recommended,0.55,released above cap,12,0.061840059298062015,0.03951224999999999,0.00433,0.05908372331930144,1.3322676295501878e-15
0.03,0.075492,0.1033,recommended,0.55,released above cap,13,0.06181493944420896,0.03951224999999999,0.004525,0.05906341689950301,1.3322676295501878e-15
0.03,0.075492,0.1033,recommended,0.55,released above cap,14,0.06174109855469123,0.03951224999999999,0.004125,0.05908678861490276,1.3322676295501878e-15
0.03,0.075492,0.1033,recommended,0.55,released above cap,15,0.0617946931126434,0.03951224999999999,0.004645,0.05908433501525667,1.3322676295501878e-15
0.03,0.075492,0.1033,recommended,0.55,released above cap,16,0.06175557727754308,0.03951224999999999,0.0044,0.05907694227427866,1.3322676295501878e-15
0.03,0.075492,0.1033,recommended,0.55,released above cap,17,0.061792342683655355,0.03951224999999999,0.004395,0.05910750649194786,1.3322676295501878e-15
0.03,0.075492,0.1033,recommended,0.55,released above cap,18,0.06179901342738214,0.03951224999999999,0.004215,0.05910586410493679,1.3322676295501878e-15
0.03,0.075492,0.1033,recommended,0.55,released above cap,19,0.06178906803089355,0.03951224999999999,0.0046,0.05910714499074099,1.3322676295501878e-15
0.03,0.075492,0.1033,recommended,0.55,released above cap,20,0.06179772955452758,0.03951224999999999,0.00442,0.05911585772474056,1.3322676295501878e-15
0.03,0.075492,0.1033,recommended,0.55,released above cap,21,0.06177618490585412,0.03951224999999999,0.004305,0.059095745769396156,1.3322676295501878e-15
0.03,0.075492,0.1033,recommended,0.55,released above cap,22,0.061766624290030256,0.03951224999999999,0.004385,0.05909934677305853,1.3322676295501878e-15
0.03,0.075492,0.1033,recommended,0.55,released above cap,23,0.06174289713125403,0.03951224999999999,0.00439,0.0590840407184966,1.3322676295501878e-15
0.03,0.075492,0.1033,recommended,0.55,released above cap,24,0.061799245061161655,0.03951224999999999,0.00431,0.05908238167188029,1.3322676295501878e-15
0.03,0.075492,0.1033,recommended,0.55,released above cap,25,0.0618279769035137,0.03951224999999999,0.004375,0.05910427526352345,1.3322676295501878e-15
0.03,0.075492,0.1033,recommended,0.55,released above cap,26,0.061864923950016665,0.03951224999999999,0.004435,0.05910864480005842,1.3322676295501878e-15
0.03,0.075492,0.1033,recommended,0.55,released above cap,27,0.06180873223551027,0.03951224999999999,0.004355,0.05909305017941421,1.3322676295501878e-15
0.03,0.075492,0.1033,recommended,0.55,released above cap,28,0.06177543870146968,0.03951224999999999,0.00424,0.059097403435019714,1.3322676295501878e-15
0.03,0.075492,0.1033,recommended,0.55,released above cap,29,0.061759142476192554,0.03951224999999999,0.004365,0.059083890524205325,1.3322676295501878e-15
0.03,0.075492,0.1033,recommended,0.55,released above cap,30,0.061784212134246445,0.03951224999999999,0.00441,0.059105817598040296,1.3322676295501878e-15
0.03,0.075492,0.1033,recommended,0.55,locked,1,0.037792827913919275,0.0005475814359560911,0.10237,0.02403130035019737,8.881784197001252e-16
0.03,0.075492,0.1033,recommended,0.55,locked,2,0.03893452609665908,0.01868135641786876,0.03352,0.04692810406907332,8.881784197001252e-16
0.03,0.075492,0.1033,recommended,0.55,locked,3,0.03926490552411607,0.03399122681463494,0.013795,0.06944414515087158,8.881784197001252e-16
0.03,0.075492,0.1033,recommended,0.55,locked,4,0.03940016864061075,0.03951224999999999,0.00639,0.091835585365815,8.881784197001252e-16
0.03,0.075492,0.1033,recommended,0.55,locked,5,0.03945915157699535,0.03951224999999999,0.00321,0.11411466913963861,8.881784197001252e-16
0.03,0.075492,0.1033,recommended,0.55,locked,6,0.03948285622659736,0.03951224999999999,0.001665,0.136408188699622,8.881784197001252e-16
0.03,0.075492,0.1033,recommended,0.55,locked,7,0.03949442604218501,0.03951224999999999,0.00097,0.1586535356467322,8.881784197001252e-16
0.03,0.075492,0.1033,recommended,0.55,locked,8,0.03950266854659214,0.03951224999999999,0.00055,0.18094035593799962,8.881784197001252e-16
0.03,0.075492,0.1033,recommended,0.55,locked,9,0.03950917441868938,0.03951224999999999,0.00022,0.20327412108376658,8.881784197001252e-16
0.03,0.075492,0.1033,recommended,0.55,locked,10,0.03950909694233925,0.03951224999999999,0.000145,0.2255903889113955,8.881784197001252e-16
0.03,0.075492,0.1033,recommended,0.55,locked,11,0.03951125897764855,0.03951224999999999,6e-05,0.24798459828866753,8.881784197001252e-16
0.03,0.075492,0.1033,recommended,0.55,locked,12,0.03951187707189242,0.03951224999999999,3.5e-05,0.2702862958486179,8.881784197001252e-16
0.03,0.075492,0.1033,recommended,0.55,locked,13,0.03951197207247546,0.03951224999999999,2.5e-05,0.2925590446039191,8.881784197001252e-16
0.03,0.075492,0.1033,recommended,0.55,locked,14,0.03951223640165761,0.03951224999999999,5e-06,0.31479538150603437,8.881784197001252e-16
0.03,0.075492,0.1033,recommended,0.55,locked,15,0.039512249999999985,0.03951224999999999,0.0,0.33704292241899214,8.881784197001252e-16
0.03,0.075492,0.1033,recommended,0.55,locked,16,0.039512249999999985,0.03951224999999999,0.0,0.3592774184939423,8.881784197001252e-16
0.03,0.075492,0.1033,recommended,0.55,locked,17,0.039512249999999985,0.03951224999999999,0.0,0.3814684940773793,8.881784197001252e-16
0.03,0.075492,0.1033,recommended,0.55,locked,18,0.039512225137480254,0.03951224999999999,5e-06,0.4037243029384257,8.881784197001252e-16
0.03,0.075492,0.1033,recommended,0.55,locked,19,0.039512249999999985,0.03951224999999999,0.0,0.4260190407412866,8.881784197001252e-16
0.03,0.075492,0.1033,recommended,0.55,locked,20,0.039512249999999985,0.03951224999999999,0.0,0.4482820505547532,8.881784197001252e-16
0.03,0.075492,0.1033,recommended,0.55,locked,21,0.039512249999999985,0.03951224999999999,0.0,0.4705418572477495,8.881784197001252e-16
0.03,0.075492,0.1033,recommended,0.55,locked,22,0.039512249999999985,0.03951224999999999,0.0,0.4928151317585815,8.881784197001252e-16
0.03,0.075492,0.1033,recommended,0.55,locked,23,0.039512249999999985,0.03951224999999999,0.0,0.5150639353342089,8.881784197001252e-16
0.03,0.075492,0.1033,recommended,0.55,locked,24,0.039512249999999985,0.03951224999999999,0.0,0.5372905438466258,8.881784197001252e-16
0.03,0.075492,0.1033,recommended,0.55,locked,25,0.039512249999999985,0.03951224999999999,0.0,0.5595515734495922,8.881784197001252e-16
0.03,0.075492,0.1033,recommended,0.55,locked,26,0.039512249999999985,0.03951224999999999,0.0,0.5817813168501001,8.881784197001252e-16
0.03,0.075492,0.1033,recommended,0.55,locked,27,0.039512249999999985,0.03951224999999999,0.0,0.6039989342826846,8.881784197001252e-16
0.03,0.075492,0.1033,recommended,0.55,locked,28,0.039512249999999985,0.03951224999999999,0.0,0.6262961964766355,8.881784197001252e-16
0.03,0.075492,0.1033,recommended,0.55,locked,29,0.039512249999999985,0.03951224999999999,0.0,0.648589646535144,8.881784197001252e-16
0.03,0.075492,0.1033,recommended,0.55,locked,30,0.039512249999999985,0.03951224999999999,0.0,0.6708729963297351,8.881784197001252e-16
0.05,0.052591,0.12329999999999999,expected loss,0.417643,released above cap,1,0.05251098293603717,-0.010156821737205897,0.421065,0.008473888726811225,1.3322676295501878e-15
0.05,0.052591,0.12329999999999999,expected loss,0.417643,released above cap,2,0.05491171280268025,-0.0031169022687398125,0.309665,0.014589503188931355,1.3322676295501878e-15
0.05,0.052591,0.12329999999999999,expected loss,0.417643,released above cap,3,0.05602177135578302,4.269991323012482e-05,0.256925,0.019540433960988535,1.3322676295501878e-15
0.05,0.052591,0.12329999999999999,expected loss,0.417643,released above cap,4,0.056984344517639264,0.002610871447910293,0.222875,0.023637968410047415,1.3322676295501878e-15
0.05,0.052591,0.12329999999999999,expected loss,0.417643,released above cap,5,0.05777711072656865,0.0048594656612873715,0.20039,0.026939186904405183,1.3322676295501878e-15
0.05,0.052591,0.12329999999999999,expected loss,0.417643,released above cap,6,0.05846331871250439,0.005736009920447945,0.182715,0.029579150386395223,1.3322676295501878e-15
0.05,0.052591,0.12329999999999999,expected loss,0.417643,released above cap,7,0.05904131833836839,0.007643369947315858,0.16955,0.031624582871745535,1.3322676295501878e-15
0.05,0.052591,0.12329999999999999,expected loss,0.417643,released above cap,8,0.05946123759983466,0.007933610887206627,0.1608,0.0332318643674609,1.3322676295501878e-15
0.05,0.052591,0.12329999999999999,expected loss,0.417643,released above cap,9,0.05985174252823153,0.009649364044359067,0.15328,0.034428327825742434,1.3322676295501878e-15
0.05,0.052591,0.12329999999999999,expected loss,0.417643,released above cap,10,0.06006602108158841,0.009486913038167418,0.1487,0.03531985413415957,1.3322676295501878e-15
0.05,0.052591,0.12329999999999999,expected loss,0.417643,released above cap,11,0.06027036131469757,0.010033327434513245,0.145155,0.03603279071948392,1.3322676295501878e-15
0.05,0.052591,0.12329999999999999,expected loss,0.417643,released above cap,12,0.0604442332329252,0.01109959805584291,0.14087,0.036591920725438945,1.3322676295501878e-15
0.05,0.052591,0.12329999999999999,expected loss,0.417643,released above cap,13,0.060573589901823544,0.01112227415609949,0.137465,0.03704241265087723,1.3322676295501878e-15
0.05,0.052591,0.12329999999999999,expected loss,0.417643,released above cap,14,0.060665326727708746,0.012062580120467483,0.136495,0.03740722154410188,1.3322676295501878e-15
0.05,0.052591,0.12329999999999999,expected loss,0.417643,released above cap,15,0.06070499515818411,0.011344330762685536,0.134325,0.037706707783843905,1.3322676295501878e-15
0.05,0.052591,0.12329999999999999,expected loss,0.417643,released above cap,16,0.06082914608276562,0.012650268242956801,0.13227,0.03794838955165518,1.3322676295501878e-15
0.05,0.052591,0.12329999999999999,expected loss,0.417643,released above cap,17,0.060921944441743946,0.013236762823827629,0.1315,0.038143173930589504,1.3322676295501878e-15
0.05,0.052591,0.12329999999999999,expected loss,0.417643,released above cap,18,0.06089821427568172,0.012038531256389795,0.130685,0.0382244372143062,1.3322676295501878e-15
0.05,0.052591,0.12329999999999999,expected loss,0.417643,released above cap,19,0.06090345036692702,0.012206849144661627,0.130835,0.038307422240221316,1.3322676295501878e-15
0.05,0.052591,0.12329999999999999,expected loss,0.417643,released above cap,20,0.06095104297686936,0.0122407863247711,0.13019,0.038346423017581725,1.3322676295501878e-15
0.05,0.052591,0.12329999999999999,expected loss,0.417643,released above cap,21,0.060959591435546946,0.012622259752000493,0.129745,0.03844916321580113,1.3322676295501878e-15
0.05,0.052591,0.12329999999999999,expected loss,0.417643,released above cap,22,0.06098662999392374,0.012028736941111015,0.130245,0.03845871853349552,1.3322676295501878e-15
0.05,0.052591,0.12329999999999999,expected loss,0.417643,released above cap,23,0.06099801671211693,0.013044405973719631,0.12909,0.038529896590785144,1.3322676295501878e-15
0.05,0.052591,0.12329999999999999,expected loss,0.417643,released above cap,24,0.061003013953984116,0.012292731513362045,0.12935,0.03850244535618861,1.3322676295501878e-15
0.05,0.052591,0.12329999999999999,expected loss,0.417643,released above cap,25,0.06096617652085498,0.012098324280907603,0.1288,0.03854668036361755,1.3322676295501878e-15
0.05,0.052591,0.12329999999999999,expected loss,0.417643,released above cap,26,0.06099616376452441,0.012275636388814392,0.1283,0.038576968378184216,1.3322676295501878e-15
0.05,0.052591,0.12329999999999999,expected loss,0.417643,released above cap,27,0.06103943222689628,0.012835992819241679,0.128405,0.03863684732830786,1.3322676295501878e-15
0.05,0.052591,0.12329999999999999,expected loss,0.417643,released above cap,28,0.06104134186651803,0.01246252046893558,0.127935,0.03866353485927168,1.3322676295501878e-15
0.05,0.052591,0.12329999999999999,expected loss,0.417643,released above cap,29,0.061042423937402036,0.013976754505024357,0.128955,0.03861083097405247,1.3322676295501878e-15
0.05,0.052591,0.12329999999999999,expected loss,0.417643,released above cap,30,0.061082905146628765,0.01330212464795482,0.12706,0.038672014192205846,1.3322676295501878e-15
0.05,0.052591,0.12329999999999999,expected loss,0.417643,locked,1,0.05252125857550825,-0.009975673459813242,0.419945,0.008503365024356785,1.1102230246251565e-15
0.05,0.052591,0.12329999999999999,expected loss,0.417643,locked,2,0.05499365195137722,-0.0031121272084915995,0.30771,0.014650581857613547,1.1102230246251565e-15
0.05,0.052591,0.12329999999999999,expected loss,0.417643,locked,3,0.05598637142468066,2.140018964557157e-05,0.255135,0.019651353232763416,1.1102230246251565e-15
0.05,0.052591,0.12329999999999999,expected loss,0.417643,locked,4,0.056682822362438726,0.0028125424266543424,0.22353,0.024039594682766775,1.1102230246251565e-15
0.05,0.052591,0.12329999999999999,expected loss,0.417643,locked,5,0.057128158518410216,0.004656605602432438,0.19955,0.027995920657373073,1.1102230246251565e-15
0.05,0.052591,0.12329999999999999,expected loss,0.417643,locked,6,0.05748848946321756,0.006500911787380252,0.18087,0.031642996609021264,1.1102230246251565e-15
0.05,0.052591,0.12329999999999999,expected loss,0.417643,locked,7,0.05773669820454851,0.007812313292708528,0.169015,0.03498228145884924,1.1102230246251565e-15
0.05,0.052591,0.12329999999999999,expected loss,0.417643,locked,8,0.05793768241231702,0.008640305146429906,0.15835,0.038047640848451456,1.1102230246251565e-15
0.05,0.052591,0.12329999999999999,expected loss,0.417643,locked,9,0.05810715948744829,0.009854861818682371,0.14922,0.040950225272285916,1.1102230246251565e-15
0.05,0.052591,0.12329999999999999,expected loss,0.417643,locked,10,0.05824542075717962,0.010257843295412267,0.14204,0.043704122985517194,1.1102230246251565e-15
0.05,0.052591,0.12329999999999999,expected loss,0.417643,locked,11,0.058378870582206054,0.011212071939995136,0.13666,0.04635977762559245,1.1102230246251565e-15
0.05,0.052591,0.12329999999999999,expected loss,0.417643,locked,12,0.05851141902845895,0.012658894922420418,0.13028,0.048917814367778416,1.1102230246251565e-15
0.05,0.052591,0.12329999999999999,expected loss,0.417643,locked,13,0.05861320067081688,0.013242381747010932,0.124265,0.05138918566950624,1.1102230246251565e-15
0.05,0.052591,0.12329999999999999,expected loss,0.417643,locked,14,0.05871706927997486,0.013977530829350033,0.12031,0.0537374476151531,1.1102230246251565e-15
0.05,0.052591,0.12329999999999999,expected loss,0.417643,locked,15,0.05875865235102349,0.014187371754369163,0.117225,0.05595037862658113,1.1102230246251565e-15
0.05,0.052591,0.12329999999999999,expected loss,0.417643,locked,16,0.058852627826254396,0.015341784749811984,0.112735,0.05824910528904865,1.1102230246251565e-15
0.05,0.052591,0.12329999999999999,expected loss,0.417643,locked,17,0.05889235236078509,0.014859002067933313,0.10884,0.0604077510222688,1.1102230246251565e-15
0.05,0.052591,0.12329999999999999,expected loss,0.417643,locked,18,0.058960025950880575,0.01609854699601682,0.106885,0.06241924992899116,1.1102230246251565e-15
0.05,0.052591,0.12329999999999999,expected loss,0.417643,locked,19,0.059024440450794066,0.016316015444106324,0.103225,0.06451109149896453,1.1102230246251565e-15
0.05,0.052591,0.12329999999999999,expected loss,0.417643,locked,20,0.059063744337650895,0.016824312878070315,0.10129,0.06656455106037913,1.1102230246251565e-15
0.05,0.052591,0.12329999999999999,expected loss,0.417643,locked,21,0.059130193069293895,0.01800991889531584,0.098705,0.06854192394195643,1.1102230246251565e-15
0.05,0.052591,0.12329999999999999,expected loss,0.417643,locked,22,0.05918162720860355,0.01830339951559596,0.095605,0.07036450680025456,1.1102230246251565e-15
0.05,0.052591,0.12329999999999999,expected loss,0.417643,locked,23,0.05917821737786731,0.01743601855568024,0.09386,0.07218588691206111,1.1102230246251565e-15
0.05,0.052591,0.12329999999999999,expected loss,0.417643,locked,24,0.05921688039250574,0.0181204133655028,0.09231,0.07402392331835282,1.1102230246251565e-15
0.05,0.052591,0.12329999999999999,expected loss,0.417643,locked,25,0.05925822383939884,0.019200988934646567,0.09132,0.07578145131938718,1.1102230246251565e-15
0.05,0.052591,0.12329999999999999,expected loss,0.417643,locked,26,0.059280877095665964,0.01874792721578602,0.088965,0.07749713153633266,1.1102230246251565e-15
0.05,0.052591,0.12329999999999999,expected loss,0.417643,locked,27,0.05931827070080251,0.019493871562468314,0.087515,0.0791943013219133,1.1102230246251565e-15
0.05,0.052591,0.12329999999999999,expected loss,0.417643,locked,28,0.059365010574253384,0.019532705908668225,0.08529,0.08087567863710085,1.1102230246251565e-15
0.05,0.052591,0.12329999999999999,expected loss,0.417643,locked,29,0.0594197559123377,0.02032547391583982,0.08346,0.08258751075554772,1.1102230246251565e-15
0.05,0.052591,0.12329999999999999,expected loss,0.417643,locked,30,0.05944015808907427,0.020809112749771652,0.082795,0.08422962630599988,1.1102230246251565e-15
0.05,0.052591,0.12329999999999999,recommended,0.65,released above cap,1,0.034298650595608604,-0.00972377885747751,0.12933,0.02666502373627769,1.5543122344752192e-15
0.05,0.052591,0.12329999999999999,recommended,0.65,released above cap,2,0.039061200288046105,0.009646745890498873,0.04542,0.04868285919797437,1.5543122344752192e-15
0.05,0.052591,0.12329999999999999,recommended,0.65,released above cap,3,0.049989176861985986,0.023534473362233754,0.020725,0.059729814666605124,1.5543122344752192e-15
0.05,0.052591,0.12329999999999999,recommended,0.65,released above cap,4,0.05656400679871138,0.035270465097515545,0.010805,0.06427168084105957,1.5543122344752192e-15
0.05,0.052591,0.12329999999999999,recommended,0.65,released above cap,5,0.059259269583172625,0.03668175,0.007305,0.06611239131616195,1.5543122344752192e-15
0.05,0.052591,0.12329999999999999,recommended,0.65,released above cap,6,0.06031445354915142,0.03668175,0.00552,0.06679097862626039,1.5543122344752192e-15
0.05,0.052591,0.12329999999999999,recommended,0.65,released above cap,7,0.060733295814662906,0.03668175,0.004975,0.06707934211473758,1.5543122344752192e-15
0.05,0.052591,0.12329999999999999,recommended,0.65,released above cap,8,0.06093494174282145,0.03668175,0.00495,0.06719200912923343,1.5543122344752192e-15
0.05,0.052591,0.12329999999999999,recommended,0.65,released above cap,9,0.06099951545758047,0.03668175,0.004565,0.06725522778578209,1.5543122344752192e-15
0.05,0.052591,0.12329999999999999,recommended,0.65,released above cap,10,0.06103109160670698,0.03668175,0.00472,0.06728496111354086,1.5543122344752192e-15
0.05,0.052591,0.12329999999999999,recommended,0.65,released above cap,11,0.06106701270414135,0.03668175,0.004675,0.06729165698707429,1.5543122344752192e-15
0.05,0.052591,0.12329999999999999,recommended,0.65,released above cap,12,0.0610374448270153,0.03668175,0.004555,0.06728086175982777,1.5543122344752192e-15
0.05,0.052591,0.12329999999999999,recommended,0.65,released above cap,13,0.061101502108478305,0.03668175,0.004725,0.06728609182539545,1.5543122344752192e-15
0.05,0.052591,0.12329999999999999,recommended,0.65,released above cap,14,0.061068807864157554,0.03668175,0.00485,0.06728776986976613,1.5543122344752192e-15
0.05,0.052591,0.12329999999999999,recommended,0.65,released above cap,15,0.06099928157842769,0.03668175,0.00475,0.06725749838813216,1.5543122344752192e-15
0.05,0.052591,0.12329999999999999,recommended,0.65,released above cap,16,0.06102753468786641,0.03668175,0.004775,0.06724932708322287,1.5543122344752192e-15
0.05,0.052591,0.12329999999999999,recommended,0.65,released above cap,17,0.06111414872809797,0.03668175,0.004925,0.06726867545442071,1.5543122344752192e-15
0.05,0.052591,0.12329999999999999,recommended,0.65,released above cap,18,0.0610679158890465,0.03668175,0.00474,0.06727503609875679,1.5543122344752192e-15
0.05,0.052591,0.12329999999999999,recommended,0.65,released above cap,19,0.061018861432099274,0.03668175,0.00494,0.06723666128611173,1.5543122344752192e-15
0.05,0.052591,0.12329999999999999,recommended,0.65,released above cap,20,0.060958834255643496,0.03668175,0.00497,0.06721988780110393,1.5543122344752192e-15
0.05,0.052591,0.12329999999999999,recommended,0.65,released above cap,21,0.06096365879399546,0.03668175,0.00467,0.06724631272023852,1.5543122344752192e-15
0.05,0.052591,0.12329999999999999,recommended,0.65,released above cap,22,0.06097997123972715,0.03668175,0.004825,0.0672357082638321,1.5543122344752192e-15
0.05,0.052591,0.12329999999999999,recommended,0.65,released above cap,23,0.061076901037494025,0.03668175,0.00439,0.06728914961831343,1.5543122344752192e-15
0.05,0.052591,0.12329999999999999,recommended,0.65,released above cap,24,0.061098509640213995,0.03668175,0.004715,0.0672813378375669,1.5543122344752192e-15
0.05,0.052591,0.12329999999999999,recommended,0.65,released above cap,25,0.06103863725511556,0.03668175,0.00478,0.06722959652340914,1.5543122344752192e-15
0.05,0.052591,0.12329999999999999,recommended,0.65,released above cap,26,0.06099650586893566,0.03668175,0.004695,0.0672807915716261,1.5543122344752192e-15
0.05,0.052591,0.12329999999999999,recommended,0.65,released above cap,27,0.0610124072987932,0.03668175,0.004835,0.06726539862218393,1.5543122344752192e-15
0.05,0.052591,0.12329999999999999,recommended,0.65,released above cap,28,0.061031872128990125,0.03668175,0.004625,0.06727004682769663,1.5543122344752192e-15
0.05,0.052591,0.12329999999999999,recommended,0.65,released above cap,29,0.06101567943717733,0.03668175,0.004675,0.06728243033852803,1.5543122344752192e-15
0.05,0.052591,0.12329999999999999,recommended,0.65,released above cap,30,0.06105823534483051,0.03668175,0.004775,0.06724719189161651,1.5543122344752192e-15
0.05,0.052591,0.12329999999999999,recommended,0.65,locked,1,0.03430746893654874,-0.0097932326828198,0.13052,0.026670305613895075,1.5543122344752192e-15
0.05,0.052591,0.12329999999999999,recommended,0.65,locked,2,0.03585140650519891,0.009395333357783165,0.04626,0.05182315431826514,1.5543122344752192e-15
0.05,0.052591,0.12329999999999999,recommended,0.65,locked,3,0.0363261845885588,0.02453423624911627,0.019675,0.07652098903612263,1.5543122344752192e-15
0.05,0.052591,0.12329999999999999,recommended,0.65,locked,4,0.03650699158289688,0.03668175,0.00948,0.1011111814539209,1.5543122344752192e-15
0.05,0.052591,0.12329999999999999,recommended,0.65,locked,5,0.03659075779115386,0.03668175,0.005055,0.1254898885115272,1.5543122344752192e-15
0.05,0.052591,0.12329999999999999,recommended,0.65,locked,6,0.03663543444798926,0.03668175,0.00244,0.1499578221595176,1.5543122344752192e-15
0.05,0.052591,0.12329999999999999,recommended,0.65,locked,7,0.03665963540563127,0.03668175,0.00127,0.17432099372716667,1.5543122344752192e-15
0.05,0.052591,0.12329999999999999,recommended,0.65,locked,8,0.036668961112949844,0.03668175,0.000825,0.19862281672134036,1.5543122344752192e-15
0.05,0.052591,0.12329999999999999,recommended,0.65,locked,9,0.03667343533421,0.03668175,0.00048,0.22302298391720077,1.5543122344752192e-15
0.05,0.052591,0.12329999999999999,recommended,0.65,locked,10,0.03667655709941274,0.03668175,0.000245,0.2474549111675661,1.5543122344752192e-15
0.05,0.052591,0.12329999999999999,recommended,0.65,locked,11,0.03667797249924437,0.03668175,0.00018,0.27176174612860576,1.5543122344752192e-15
0.05,0.052591,0.12329999999999999,recommended,0.65,locked,12,0.03668064277320725,0.03668175,8e-05,0.29611509758980764,1.5543122344752192e-15
0.05,0.052591,0.12329999999999999,recommended,0.65,locked,13,0.03668144443116995,0.03668175,3.5e-05,0.32052568669389636,1.5543122344752192e-15
0.05,0.052591,0.12329999999999999,recommended,0.65,locked,14,0.03668133640785424,0.03668175,2.5e-05,0.34492788477580805,1.5543122344752192e-15
0.05,0.052591,0.12329999999999999,recommended,0.65,locked,15,0.03668145926994298,0.03668175,2e-05,0.3692812647411305,1.5543122344752192e-15
0.05,0.052591,0.12329999999999999,recommended,0.65,locked,16,0.03668168249468729,0.03668175,5e-06,0.39372780813277264,1.5543122344752192e-15
0.05,0.052591,0.12329999999999999,recommended,0.65,locked,17,0.03668172426694825,0.03668175,5e-06,0.4180705737623236,1.5543122344752192e-15
0.05,0.052591,0.12329999999999999,recommended,0.65,locked,18,0.036681726890407225,0.03668175,5e-06,0.4424534603824753,1.5543122344752192e-15
0.05,0.052591,0.12329999999999999,recommended,0.65,locked,19,0.03668158392424433,0.03668175,5e-06,0.46680426570102324,1.5543122344752192e-15
0.05,0.052591,0.12329999999999999,recommended,0.65,locked,20,0.03668173823155609,0.03668175,5e-06,0.49111425511190027,1.5543122344752192e-15
0.05,0.052591,0.12329999999999999,recommended,0.65,locked,21,0.03668174911777445,0.03668175,5e-06,0.5154900054814184,1.5543122344752192e-15
0.05,0.052591,0.12329999999999999,recommended,0.65,locked,22,0.036681750000000006,0.03668175,0.0,0.5398748168201492,1.5543122344752192e-15
0.05,0.052591,0.12329999999999999,recommended,0.65,locked,23,0.036681750000000006,0.03668175,0.0,0.5641736891581849,1.5543122344752192e-15
0.05,0.052591,0.12329999999999999,recommended,0.65,locked,24,0.036681750000000006,0.03668175,0.0,0.5885184616539576,1.5543122344752192e-15
0.05,0.052591,0.12329999999999999,recommended,0.65,locked,25,0.036681750000000006,0.03668175,0.0,0.6128793662762173,1.5543122344752192e-15
0.05,0.052591,0.12329999999999999,recommended,0.65,locked,26,0.036681750000000006,0.03668175,0.0,0.6373184173517343,1.5543122344752192e-15
0.05,0.052591,0.12329999999999999,recommended,0.65,locked,27,0.036681750000000006,0.03668175,0.0,0.6617030615626442,1.5543122344752192e-15
0.05,0.052591,0.12329999999999999,recommended,0.65,locked,28,0.036681750000000006,0.03668175,0.0,0.6860792084310573,1.5543122344752192e-15
0.05,0.052591,0.12329999999999999,recommended,0.65,locked,29,0.036681750000000006,0.03668175,0.0,0.7104539311600695,1.5543122344752192e-15
0.05,0.052591,0.12329999999999999,recommended,0.65,locked,30,0.036681750000000006,0.03668175,0.0,0.7349204464058392,1.5543122344752192e-15
0.1,0.033926,0.18330000000000002,expected loss,0.57567,released above cap,1,0.053902447023672286,-0.024384687214862942,0.446395,0.012203920911208076,1.9984014443252818e-15
0.1,0.033926,0.18330000000000002,expected loss,0.57567,released above cap,2,0.05742081661138761,-0.01678166879765528,0.33189,0.02082202115152704,1.9984014443252818e-15
0.1,0.033926,0.18330000000000002,expected loss,0.57567,released above cap,3,0.0593845367549219,-0.01168242806516045,0.275155,0.02754477309058966,1.9984014443252818e-15
0.1,0.033926,0.18330000000000002,expected loss,0.57567,released above cap,4,0.06098761379104084,-0.008565074595014216,0.23829,0.03274673150965865,1.9984014443252818e-15
0.1,0.033926,0.18330000000000002,expected loss,0.57567,released above cap,5,0.06216223253613563,-0.006861938410633436,0.216715,0.03655500400655676,1.9984014443252818e-15
0.1,0.033926,0.18330000000000002,expected loss,0.57567,released above cap,6,0.06319001975410964,-0.005920031191242101,0.19861,0.039598172818625335,1.9984014443252818e-15
0.1,0.033926,0.18330000000000002,expected loss,0.57567,released above cap,7,0.0639888042146423,-0.002949845747154781,0.18387,0.04195300118387327,1.9984014443252818e-15
0.1,0.033926,0.18330000000000002,expected loss,0.57567,released above cap,8,0.06455181692850967,-0.0019573707948278888,0.17369,0.043661605936291904,1.9984014443252818e-15
0.1,0.033926,0.18330000000000002,expected loss,0.57567,released above cap,9,0.064924532930871,-0.001664643742795165,0.16855,0.04480831398530645,1.9984014443252818e-15
0.1,0.033926,0.18330000000000002,expected loss,0.57567,released above cap,10,0.06522525778436997,-0.0002615755744498522,0.16296,0.04570042068807212,1.9984014443252818e-15
0.1,0.033926,0.18330000000000002,expected loss,0.57567,released above cap,11,0.06547992163292327,0.0002127760274215363,0.158855,0.04642268107965149,1.9984014443252818e-15
0.1,0.033926,0.18330000000000002,expected loss,0.57567,released above cap,12,0.06563843333188216,-3.3577058964240324e-05,0.15585,0.04697797677553328,1.9984014443252818e-15
0.1,0.033926,0.18330000000000002,expected loss,0.57567,released above cap,13,0.06576963646721863,0.0015533140512920991,0.154995,0.04733822286990035,1.9984014443252818e-15
0.1,0.033926,0.18330000000000002,expected loss,0.57567,released above cap,14,0.06584874327779802,0.0003177811953033935,0.15197,0.0475685848812017,1.9984014443252818e-15
0.1,0.033926,0.18330000000000002,expected loss,0.57567,released above cap,15,0.06592144916666506,0.0012610729455343646,0.152925,0.04773797745983467,1.9984014443252818e-15
0.1,0.033926,0.18330000000000002,expected loss,0.57567,released above cap,16,0.0659486391692092,0.0008784417412945534,0.151795,0.047901474650276596,1.9984014443252818e-15
0.1,0.033926,0.18330000000000002,expected loss,0.57567,released above cap,17,0.06603660157938598,0.0013963991844432055,0.151285,0.04805610506587027,1.9984014443252818e-15
0.1,0.033926,0.18330000000000002,expected loss,0.57567,released above cap,18,0.06606140201865544,0.0022596291906413013,0.149615,0.04818513537284543,1.9984014443252818e-15
0.1,0.033926,0.18330000000000002,expected loss,0.57567,released above cap,19,0.06609199909848748,0.001537717940231651,0.148565,0.048229475101760046,1.9984014443252818e-15
0.1,0.033926,0.18330000000000002,expected loss,0.57567,released above cap,20,0.06609216619876958,0.0017114436016728257,0.148695,0.04825572787478705,1.9984014443252818e-15
0.1,0.033926,0.18330000000000002,expected loss,0.57567,released above cap,21,0.0660988579164683,0.0006797961847539836,0.14723,0.048368753725729165,1.9984014443252818e-15
0.1,0.033926,0.18330000000000002,expected loss,0.57567,released above cap,22,0.06612046475144703,0.00181576295175635,0.14825,0.048409095317687806,1.9984014443252818e-15
0.1,0.033926,0.18330000000000002,expected loss,0.57567,released above cap,23,0.06610747756823421,0.0008895020727923939,0.149325,0.04837616837319419,1.9984014443252818e-15
0.1,0.033926,0.18330000000000002,expected loss,0.57567,released above cap,24,0.06615786171090904,0.0008400199681100318,0.148625,0.04838658053775456,1.9984014443252818e-15
0.1,0.033926,0.18330000000000002,expected loss,0.57567,released above cap,25,0.06612678949033246,0.0011346740024818826,0.14875,0.04840787860829598,1.9984014443252818e-15
0.1,0.033926,0.18330000000000002,expected loss,0.57567,released above cap,26,0.06617096006079448,0.001915575495794079,0.149105,0.04842082290812164,1.9984014443252818e-15
0.1,0.033926,0.18330000000000002,expected loss,0.57567,released above cap,27,0.06615743036110931,0.0022433516045755517,0.149365,0.04831016548122745,1.9984014443252818e-15
0.1,0.033926,0.18330000000000002,expected loss,0.57567,released above cap,28,0.06608780600936556,0.001522336834501786,0.150425,0.048282523146611404,1.9984014443252818e-15
0.1,0.033926,0.18330000000000002,expected loss,0.57567,released above cap,29,0.06607359744660143,0.0014862074707725989,0.149535,0.04828490397026474,1.9984014443252818e-15
0.1,0.033926,0.18330000000000002,expected loss,0.57567,released above cap,30,0.06609139043508347,0.0016676883136692942,0.148925,0.04832309202249342,1.9984014443252818e-15
0.1,0.033926,0.18330000000000002,expected loss,0.57567,locked,1,0.05392976476622886,-0.024433272934851237,0.44672,0.012155742044878255,1.9984014443252818e-15
0.1,0.033926,0.18330000000000002,expected loss,0.57567,locked,2,0.057441305681523384,-0.016725877558549842,0.330005,0.02086549993645833,1.9984014443252818e-15
0.1,0.033926,0.18330000000000002,expected loss,0.57567,locked,3,0.05898660786957935,-0.012128623992526975,0.273775,0.02809013814282437,1.9984014443252818e-15
0.1,0.033926,0.18330000000000002,expected loss,0.57567,locked,4,0.059966755495607975,-0.00877583050739234,0.238515,0.03430433665156403,1.9984014443252818e-15
0.1,0.033926,0.18330000000000002,expected loss,0.57567,locked,5,0.06052691872431178,-0.007595974913772288,0.21509,0.03966936813799778,1.9984014443252818e-15
0.1,0.033926,0.18330000000000002,expected loss,0.57567,locked,6,0.061051449122807536,-0.005322266968544885,0.19651,0.044768129511871896,1.9984014443252818e-15
0.1,0.033926,0.18330000000000002,expected loss,0.57567,locked,7,0.061411287468140355,-0.0032783436547597763,0.182515,0.04951283906059521,1.9984014443252818e-15
0.1,0.033926,0.18330000000000002,expected loss,0.57567,locked,8,0.06172492572796214,-0.001486201384963281,0.17091,0.05385750155375023,1.9984014443252818e-15
0.1,0.033926,0.18330000000000002,expected loss,0.57567,locked,9,0.06196184006615657,-0.001225407135870792,0.16145,0.05792548925621505,1.9984014443252818e-15
0.1,0.033926,0.18330000000000002,expected loss,0.57567,locked,10,0.062206450524187995,0.0007089107473206396,0.152995,0.061800825240448894,1.9984014443252818e-15
0.1,0.033926,0.18330000000000002,expected loss,0.57567,locked,11,0.06240742060516521,0.0023207758170479273,0.146285,0.06544234447998662,1.9984014443252818e-15
0.1,0.033926,0.18330000000000002,expected loss,0.57567,locked,12,0.06253183547261904,0.0029631165240266003,0.141555,0.06892161800189925,1.9984014443252818e-15
0.1,0.033926,0.18330000000000002,expected loss,0.57567,locked,13,0.0626885662540223,0.0036017437727632017,0.1345,0.07240614994329062,1.9984014443252818e-15
0.1,0.033926,0.18330000000000002,expected loss,0.57567,locked,14,0.06284059783613065,0.004492594304842833,0.129565,0.07568502172948692,1.9984014443252818e-15
0.1,0.033926,0.18330000000000002,expected loss,0.57567,locked,15,0.06295056790692348,0.005671787348540631,0.12556,0.07892205667304925,1.9984014443252818e-15
0.1,0.033926,0.18330000000000002,expected loss,0.57567,locked,16,0.06296682944569512,0.005471281655657238,0.1227,0.0820486369785284,1.9984014443252818e-15
0.1,0.033926,0.18330000000000002,expected loss,0.57567,locked,17,0.063072479745358,0.005639152892121784,0.118385,0.0850555029052183,1.9984014443252818e-15
0.1,0.033926,0.18330000000000002,expected loss,0.57567,locked,18,0.06317023208335854,0.00648655290674259,0.115355,0.08800573081348692,1.9984014443252818e-15
0.1,0.033926,0.18330000000000002,expected loss,0.57567,locked,19,0.06324677468464023,0.0065932473292036956,0.11189,0.09085719404991402,1.9984014443252818e-15
0.1,0.033926,0.18330000000000002,expected loss,0.57567,locked,20,0.06334850811620438,0.007530806363349796,0.108955,0.09361881096933115,1.9984014443252818e-15
0.1,0.033926,0.18330000000000002,expected loss,0.57567,locked,21,0.0633796635387595,0.00819907777705603,0.106555,0.0963656594619657,1.9984014443252818e-15
0.1,0.033926,0.18330000000000002,expected loss,0.57567,locked,22,0.06349829548892472,0.00838840738924304,0.101935,0.09907523171926459,1.9984014443252818e-15
0.1,0.033926,0.18330000000000002,expected loss,0.57567,locked,23,0.06354722394903144,0.009984732120415772,0.10046,0.10180843029037533,1.9984014443252818e-15
0.1,0.033926,0.18330000000000002,expected loss,0.57567,locked,24,0.06359775736082336,0.009868046265473792,0.09924,0.10431182736361252,1.9984014443252818e-15
0.1,0.033926,0.18330000000000002,expected loss,0.57567,locked,25,0.06363977194878923,0.009946208869603415,0.09712,0.10671327634530395,1.9984014443252818e-15
0.1,0.033926,0.18330000000000002,expected loss,0.57567,locked,26,0.06369644739188805,0.010707228516428784,0.09485,0.10905990206951226,1.9984014443252818e-15
0.1,0.033926,0.18330000000000002,expected loss,0.57567,locked,27,0.06375195123782061,0.011645008934636967,0.09339,0.1113489828843567,1.9984014443252818e-15
0.1,0.033926,0.18330000000000002,expected loss,0.57567,locked,28,0.0637722935898606,0.01096174582294851,0.092555,0.11369633999482512,1.9984014443252818e-15
0.1,0.033926,0.18330000000000002,expected loss,0.57567,locked,29,0.06378049373928797,0.011211454645030558,0.091465,0.11606284430739652,1.9984014443252818e-15
0.1,0.033926,0.18330000000000002,expected loss,0.57567,locked,30,0.06384770372644906,0.01224136207442959,0.08836,0.11839947377053534,1.9984014443252818e-15
0.1,0.033926,0.18330000000000002,recommended,0.75,released above cap,1,0.03484639591328099,-0.02474439566495909,0.17735,0.031223033065233875,2.6645352591003757e-15
0.1,0.033926,0.18330000000000002,recommended,0.75,released above cap,2,0.041270000554815695,-0.004586595006284012,0.07117,0.05608179378433868,2.6645352591003757e-15
0.1,0.033926,0.18330000000000002,recommended,0.75,released above cap,3,0.05181054596681366,0.010583014749656767,0.03591,0.07029266068891465,2.6645352591003757e-15
0.1,0.033926,0.18330000000000002,recommended,0.75,released above cap,4,0.05896315250864615,0.021547429999561152,0.021355,0.07740489967304083,2.6645352591003757e-15
0.1,0.033926,0.18330000000000002,recommended,0.75,released above cap,5,0.0627680726259718,0.03226313082044264,0.01359,0.08083059284952501,2.6645352591003757e-15
0.1,0.033926,0.18330000000000002,recommended,0.75,released above cap,6,0.06448294614642786,0.038832948318049156,0.010085,0.08240593844603598,2.6645352591003757e-15
0.1,0.033926,0.18330000000000002,recommended,0.75,released above cap,7,0.06535333513835213,0.03895125,0.00874,0.08319503899760385,2.6645352591003757e-15
0.1,0.033926,0.18330000000000002,recommended,0.75,released above cap,8,0.06584677219475846,0.03895125,0.0081,0.08359742423630025,2.6645352591003757e-15
0.1,0.033926,0.18330000000000002,recommended,0.75,released above cap,9,0.06594396570403424,0.03895125,0.007635,0.08372725540934572,2.6645352591003757e-15
0.1,0.033926,0.18330000000000002,recommended,0.75,released above cap,10,0.06601980505570965,0.03895125,0.007275,0.08378563259875128,2.6645352591003757e-15
0.1,0.033926,0.18330000000000002,recommended,0.75,released above cap,11,0.06602466047794282,0.03895125,0.007225,0.0837846176377168,2.6645352591003757e-15
0.1,0.033926,0.18330000000000002,recommended,0.75,released above cap,12,0.06604632785854325,0.03895125,0.007255,0.08382457095304766,2.6645352591003757e-15
0.1,0.033926,0.18330000000000002,recommended,0.75,released above cap,13,0.0660486594053279,0.03895125,0.0074,0.08382898329184395,2.6645352591003757e-15
0.1,0.033926,0.18330000000000002,recommended,0.75,released above cap,14,0.06608647549422628,0.03895125,0.007295,0.08388716136038332,2.6645352591003757e-15
0.1,0.033926,0.18330000000000002,recommended,0.75,released above cap,15,0.0661969576895198,0.03895125,0.00737,0.0838497031749845,2.6645352591003757e-15
0.1,0.033926,0.18330000000000002,recommended,0.75,released above cap,16,0.06607407582837825,0.03895125,0.007235,0.08383629720914156,2.6645352591003757e-15
0.1,0.033926,0.18330000000000002,recommended,0.75,released above cap,17,0.06609720905120699,0.03895125,0.0074,0.08383163618031973,2.6645352591003757e-15
0.1,0.033926,0.18330000000000002,recommended,0.75,released above cap,18,0.06612704317362408,0.03895125,0.007335,0.08385451399311536,2.6645352591003757e-15
0.1,0.033926,0.18330000000000002,recommended,0.75,released above cap,19,0.0661258882775309,0.03895125,0.007345,0.08383640030695456,2.6645352591003757e-15
0.1,0.033926,0.18330000000000002,recommended,0.75,released above cap,20,0.0661214004936015,0.03895125,0.007475,0.08387820947522019,2.6645352591003757e-15
0.1,0.033926,0.18330000000000002,recommended,0.75,released above cap,21,0.06614446777474543,0.03895125,0.007425,0.08389278772855364,2.6645352591003757e-15
0.1,0.033926,0.18330000000000002,recommended,0.75,released above cap,22,0.06608949099053565,0.03895125,0.006995,0.08391472096356879,2.6645352591003757e-15
0.1,0.033926,0.18330000000000002,recommended,0.75,released above cap,23,0.06614558941611111,0.03895125,0.007015,0.08391377325639342,2.6645352591003757e-15
0.1,0.033926,0.18330000000000002,recommended,0.75,released above cap,24,0.0661241065407666,0.03895125,0.006815,0.08394310391130304,2.6645352591003757e-15
0.1,0.033926,0.18330000000000002,recommended,0.75,released above cap,25,0.06615070067391933,0.03895125,0.00703,0.08394239249415601,2.6645352591003757e-15
0.1,0.033926,0.18330000000000002,recommended,0.75,released above cap,26,0.06610859281963019,0.03895125,0.00687,0.08390581605844127,2.6645352591003757e-15
0.1,0.033926,0.18330000000000002,recommended,0.75,released above cap,27,0.06618809128231223,0.03895125,0.007205,0.08392139782623792,2.6645352591003757e-15
0.1,0.033926,0.18330000000000002,recommended,0.75,released above cap,28,0.06613208052096178,0.03895125,0.007125,0.0838761393488474,2.6645352591003757e-15
0.1,0.033926,0.18330000000000002,recommended,0.75,released above cap,29,0.06607969459242337,0.03895125,0.007205,0.08385617398300965,2.6645352591003757e-15
0.1,0.033926,0.18330000000000002,recommended,0.75,released above cap,30,0.06605639384223372,0.03895125,0.00729,0.0838424366573892,2.6645352591003757e-15
0.1,0.033926,0.18330000000000002,recommended,0.75,locked,1,0.03484155931881873,-0.02493850890858129,0.177265,0.03131561175804416,2.4424906541753444e-15
0.1,0.033926,0.18330000000000002,recommended,0.75,locked,2,0.03735327633619817,-0.00404169448233241,0.071875,0.06013986842076211,2.4424906541753444e-15
0.1,0.033926,0.18330000000000002,recommended,0.75,locked,3,0.03817590060167284,0.01102421748206438,0.03546,0.08804245723933578,2.4424906541753444e-15
0.1,0.033926,0.18330000000000002,recommended,0.75,locked,4,0.038535346539716575,0.024711037717532188,0.019125,0.11563796755807076,2.4424906541753444e-15
0.1,0.033926,0.18330000000000002,recommended,0.75,locked,5,0.038699484208874674,0.035909213355483235,0.011425,0.14301135488938388,2.4424906541753444e-15
0.1,0.033926,0.18330000000000002,recommended,0.75,locked,6,0.03881396532225502,0.03895125,0.00637,0.17044280576256846,2.4424906541753444e-15
0.1,0.033926,0.18330000000000002,recommended,0.75,locked,7,0.03886082606911999,0.03895125,0.00441,0.19767294305995375,2.4424906541753444e-15
0.1,0.033926,0.18330000000000002,recommended,0.75,locked,8,0.03889509013528216,0.03895125,0.002775,0.22477968646969443,2.4424906541753444e-15
0.1,0.033926,0.18330000000000002,recommended,0.75,locked,9,0.03891407153248628,0.03895125,0.00185,0.25202933953941564,2.4424906541753444e-15
0.1,0.033926,0.18330000000000002,recommended,0.75,locked,10,0.03892562677445175,0.03895125,0.00127,0.27911334296665247,2.4424906541753444e-15
0.1,0.033926,0.18330000000000002,recommended,0.75,locked,11,0.03893459437069623,0.03895125,0.0008,0.3063498286270523,2.4424906541753444e-15
0.1,0.033926,0.18330000000000002,recommended,0.75,locked,12,0.038941053996541505,0.03895125,0.00053,0.33347936095702424,2.4424906541753444e-15
0.1,0.033926,0.18330000000000002,recommended,0.75,locked,13,0.038945268327622136,0.03895125,0.000325,0.36066844005286797,2.4424906541753444e-15
0.1,0.033926,0.18330000000000002,recommended,0.75,locked,14,0.03894538250733303,0.03895125,0.00029,0.3878187701046147,2.4424906541753444e-15
0.1,0.033926,0.18330000000000002,recommended,0.75,locked,15,0.03894849794240893,0.03895125,0.000155,0.41507703251103084,2.4424906541753444e-15
0.1,0.033926,0.18330000000000002,recommended,0.75,locked,16,0.038949140912628265,0.03895125,0.0001,0.4422223838039093,2.4424906541753444e-15
0.1,0.033926,0.18330000000000002,recommended,0.75,locked,17,0.03894937467961717,0.03895125,6e-05,0.4693971455312561,2.4424906541753444e-15
0.1,0.033926,0.18330000000000002,recommended,0.75,locked,18,0.038949569619130396,0.03895125,6.5e-05,0.4964601469337168,2.4424906541753444e-15
0.1,0.033926,0.18330000000000002,recommended,0.75,locked,19,0.038951085639677814,0.03895125,2e-05,0.5236223022522923,2.4424906541753444e-15
0.1,0.033926,0.18330000000000002,recommended,0.75,locked,20,0.038951022828476047,0.03895125,2e-05,0.5506133037587884,2.4424906541753444e-15
0.1,0.033926,0.18330000000000002,recommended,0.75,locked,21,0.03895107015358316,0.03895125,1.5e-05,0.5777810456387318,2.4424906541753444e-15
0.1,0.033926,0.18330000000000002,recommended,0.75,locked,22,0.03895118603893261,0.03895125,1e-05,0.6050583013018963,2.4424906541753444e-15
0.1,0.033926,0.18330000000000002,recommended,0.75,locked,23,0.038951203179640896,0.03895125,5e-06,0.6322247971944494,2.4424906541753444e-15
0.1,0.033926,0.18330000000000002,recommended,0.75,locked,24,0.03895109280957166,0.03895125,5e-06,0.6592893296452144,2.4424906541753444e-15
0.1,0.033926,0.18330000000000002,recommended,0.75,locked,25,0.038951177054446166,0.03895125,5e-06,0.6864692528571992,2.4424906541753444e-15
0.1,0.033926,0.18330000000000002,recommended,0.75,locked,26,0.03895125,0.03895125,0.0,0.7135893570513988,2.4424906541753444e-15
0.1,0.033926,0.18330000000000002,recommended,0.75,locked,27,0.03895101324164817,0.03895125,1e-05,0.7407126501687974,2.4424906541753444e-15
0.1,0.033926,0.18330000000000002,recommended,0.75,locked,28,0.03895125,0.03895125,0.0,0.7679070108444497,2.4424906541753444e-15
0.1,0.033926,0.18330000000000002,recommended,0.75,locked,29,0.03895125,0.03895125,0.0,0.7950449379730004,2.4424906541753444e-15
0.1,0.033926,0.18330000000000002,recommended,0.75,locked,30,0.03895121020743183,0.03895125,5e-06,0.8221266053371702,2.4424906541753444e-15
