x,one-hop-static,one-hop,2-hop,3-hop,unbounded
0,1,1,1,1,1
5,0.801667,0.801667,0.998333,1,1
10,0.801667,0.801667,0.998333,1,1
15,0.588333,0.801667,0.998333,1,1
20,0.533333,0.801667,0.998333,1,1
25,0.5,0.801667,0.998333,1,1
30,0.346667,0.503333,0.978333,1,1
35,0.251667,0.503333,0.978333,1,1
40,0.213333,0.503333,0.978333,1,1
45,0.168333,0.503333,0.978333,1,1
50,0.115,0.503333,0.978333,1,1
55,0.085,0.205,0.938333,1,1
60,0.0616667,0.205,0.938333,1,1
65,0.055,0.205,0.938333,1,1
70,0.0416667,0.205,0.938333,1,1
75,0.035,0.205,0.938333,1,1
80,0.0283333,0.0583333,0.893333,1,1
85,0.025,0.0583333,0.893333,1,1
90,0.0133333,0.0583333,0.893333,1,1
95,0.01,0.0583333,0.893333,1,1
100,0.00666667,0.0583333,0.893333,1,1
105,0.00666667,0.0183333,0.835,0.998333,1
110,0.005,0.0183333,0.835,0.998333,1
115,0.00333333,0.0183333,0.835,0.998333,1
120,0.00166667,0.0183333,0.835,0.998333,1
125,0,0.0183333,0.835,0.998333,1
130,0,0,0.745,0.986667,0.996667
135,0,0,0.745,0.986667,0.996667
140,0,0,0.745,0.986667,0.996667
145,0,0,0.745,0.986667,0.996667
150,0,0,0.745,0.986667,0.996667
155,0,0,0.591667,0.933333,0.96
160,0,0,0.591667,0.933333,0.96
165,0,0,0.591667,0.933333,0.96
170,0,0,0.591667,0.933333,0.96
175,0,0,0.591667,0.933333,0.96
180,0,0,0.383333,0.72,0.766667
185,0,0,0.383333,0.72,0.766667
190,0,0,0.383333,0.72,0.766667
195,0,0,0.383333,0.72,0.766667
200,0,0,0.383333,0.72,0.766667
205,0,0,0.118333,0.24,0.256667
210,0,0,0.118333,0.24,0.256667
215,0,0,0.118333,0.24,0.256667
220,0,0,0.118333,0.24,0.256667
225,0,0,0.118333,0.24,0.256667
230,0,0,0.015,0.0466667,0.0516667
235,0,0,0.015,0.0466667,0.0516667
240,0,0,0.015,0.0466667,0.0516667
245,0,0,0.015,0.0466667,0.0516667
250,0,0,0.015,0.0466667,0.0516667
255,0,0,0.00333333,0.00833333,0.00833333
260,0,0,0.00333333,0.00833333,0.00833333
265,0,0,0.00333333,0.00833333,0.00833333
270,0,0,0.00333333,0.00833333,0.00833333
275,0,0,0.00333333,0.00833333,0.00833333
280,0,0,0.00166667,0.00166667,0.00166667
285,0,0,0.00166667,0.00166667,0.00166667
290,0,0,0.00166667,0.00166667,0.00166667
295,0,0,0.00166667,0.00166667,0.00166667
300,0,0,0.00166667,0.00166667,0.00166667
305,0,0,0,0,0
310,0,0,0,0,0
315,0,0,0,0,0
320,0,0,0,0,0
325,0,0,0,0,0
330,0,0,0,0,0
335,0,0,0,0,0
340,0,0,0,0,0
345,0,0,0,0,0
350,0,0,0,0,0
355,0,0,0,0,0
360,0,0,0,0,0
365,0,0,0,0,0
370,0,0,0,0,0
375,0,0,0,0,0
380,0,0,0,0,0
385,0,0,0,0,0
390,0,0,0,0,0
395,0,0,0,0,0
400,0,0,0,0,0
